name,id,description,language,open_issues,stargazers_count,topics,subscribers_count,fork,forks_url,readme,config,watch,travis0,travis1,travis2,travis3,travis4,travis5,travis6,travis7,travis8,travis9,travis10,travis11,travis12,travis13,travis14,travis15,travis16,travis17,travis18,travis19,travis20,travis21,travis22,travis23,gitlab0,gitlab1,gitlab2,gitlab3,gitlab4,gitlab5,gitlab6,gitlab7,gitlab8,gitlab9,gitlab10,gitlab11,gitlab12,gitlab13,gitlab14,gitlab15,gitlab16,gitlab17,gitlab18,gitlab19,gitlab20,gitlab21,gitlab22,gitlab23,jenkinsPipeline0,jenkinsPipeline1,jenkinsPipeline2,jenkinsPipeline3,jenkinsPipeline4,jenkinsPipeline5,jenkinsPipeline6,jenkinsPipeline7,jenkinsPipeline8,jenkinsPipeline9,jenkinsPipeline10,jenkinsPipeline11,jenkinsPipeline12,jenkinsPipeline13,jenkinsPipeline14,jenkinsPipeline15,jenkinsPipeline16,jenkinsPipeline17,jenkinsPipeline18,jenkinsPipeline19,jenkinsPipeline20,jenkinsPipeline21,jenkinsPipeline22,jenkinsPipeline23,cirrus0,cirrus1,cirrus2,cirrus3,cirrus4,cirrus5,cirrus6,cirrus7,cirrus8,cirrus9,cirrus10,cirrus11,cirrus12,cirrus13,cirrus14,cirrus15,cirrus16,cirrus17,cirrus18,cirrus19,cirrus20,cirrus21,cirrus22,cirrus23,github0,github1,github2,github3,github4,github5,github6,github7,github8,github9,github10,github11,github12,github13,github14,github15,github16,github17,github18,github19,github20,github21,github22,github23,cds0,cds1,cds2,cds3,cds4,cds5,cds6,cds7,cds8,cds9,cds10,cds11,cds12,cds13,cds14,cds15,cds16,cds17,cds18,cds19,cds20,cds21,cds22,cds23,azure0,azure1,azure2,azure3,azure4,azure5,azure6,azure7,azure8,azure9,azure10,azure11,azure12,azure13,azure14,azure15,azure16,azure17,azure18,azure19,azure20,azure21,azure22,azure23,circleci0,circleci1,circleci2,circleci3,circleci4,circleci5,circleci6,circleci7,circleci8,circleci9,circleci10,circleci11,circleci12,circleci13,circleci14,circleci15,circleci16,circleci17,circleci18,circleci19,circleci20,circleci21,circleci22,circleci23
b'vid2vid',144782044,b'Pytorch implementation of our method for high-resolution (e.g. 2048x1024) photorealistic video-to-video translation.',b'Python',70,7007,,253,False,b'https://api.github.com/repos/NVIDIA/vid2vid/forks',"PGltZyBzcmM9J2ltZ3MvdGVhc2VyLmdpZicgYWxpZ249InJpZ2h0IiB3aWR0
aD0zNjA+DQoNCjxicj48YnI+PGJyPjxicj4NCg0KIyB2aWQydmlkDQojIyMg
W1Byb2plY3RdKGh0dHBzOi8vdGN3YW5nMDUwOS5naXRodWIuaW8vdmlkMnZp
ZC8pIHwgW1lvdVR1YmUoc2hvcnQpXShodHRwczovL3lvdXR1LmJlLzV6bGNY
VENwUXFNKSB8IFtZb3VUdWJlKGZ1bGwpXShodHRwczovL3lvdXR1LmJlL0dy
UF9hT1NYdDVVKSB8IFthclhpdl0oaHR0cHM6Ly9hcnhpdi5vcmcvYWJzLzE4
MDguMDY2MDEpIHwgW1BhcGVyKGZ1bGwpXShodHRwczovL3Rjd2FuZzA1MDku
Z2l0aHViLmlvL3ZpZDJ2aWQvcGFwZXJfdmlkMnZpZC5wZGYpDQoNClB5dG9y
Y2ggaW1wbGVtZW50YXRpb24gZm9yIGhpZ2gtcmVzb2x1dGlvbiAoZS5nLiwg
MjA0OHgxMDI0KSBwaG90b3JlYWxpc3RpYyB2aWRlby10by12aWRlbyB0cmFu
c2xhdGlvbi4gSXQgY2FuIGJlIHVzZWQgZm9yIHR1cm5pbmcgc2VtYW50aWMg
bGFiZWwgbWFwcyBpbnRvIHBob3RvLXJlYWxpc3RpYyB2aWRlb3MsIHN5bnRo
ZXNpemluZyBwZW9wbGUgdGFsa2luZyBmcm9tIGVkZ2UgbWFwcywgb3IgZ2Vu
ZXJhdGluZyBodW1hbiBtb3Rpb25zIGZyb20gcG9zZXMuIFRoZSBjb3JlIG9m
IHZpZGVvLXRvLXZpZGVvIHRyYW5zbGF0aW9uIGlzIGltYWdlLXRvLWltYWdl
IHRyYW5zbGF0aW9uLiBTb21lIG9mIG91ciB3b3JrIGluIHRoYXQgc3BhY2Ug
Y2FuIGJlIGZvdW5kIGluIFtwaXgycGl4SERdKGh0dHBzOi8vZ2l0aHViLmNv
bS9OVklESUEvcGl4MnBpeEhEKSBhbmQgW1NQQURFXShodHRwczovL2dpdGh1
Yi5jb20vTlZsYWJzL1NQQURFKS4gPGJyPjxicj4NCltWaWRlby10by1WaWRl
byBTeW50aGVzaXNdKGh0dHBzOi8vdGN3YW5nMDUwOS5naXRodWIuaW8vdmlk
MnZpZC8pICANCiBbVGluZy1DaHVuIFdhbmddKGh0dHBzOi8vdGN3YW5nMDUw
OS5naXRodWIuaW8vKTxzdXA+MTwvc3VwPiwgW01pbmctWXUgTGl1XShodHRw
Oi8vbWluZ3l1bGl1Lm5ldC8pPHN1cD4xPC9zdXA+LCBbSnVuLVlhbiBaaHVd
KGh0dHA6Ly9wZW9wbGUuY3NhaWwubWl0LmVkdS9qdW55YW56Lyk8c3VwPjI8
L3N1cD4sIFtHdWlsaW4gTGl1XShodHRwczovL2xpdWd1aWxpbjEyMjUuZ2l0
aHViLmlvLyk8c3VwPjE8L3N1cD4sIEFuZHJldyBUYW88c3VwPjE8L3N1cD4s
IFtKYW4gS2F1dHpdKGh0dHA6Ly9qYW5rYXV0ei5jb20vKTxzdXA+MTwvc3Vw
PiwgW0JyeWFuIENhdGFuemFyb10oaHR0cDovL2NhdGFuemFyby5uYW1lLyk8
c3VwPjE8L3N1cD4gIA0KIDxzdXA+MTwvc3VwPk5WSURJQSBDb3Jwb3JhdGlv
biwgPHN1cD4yPC9zdXA+TUlUIENTQUlMICANCiBJbiBOZXVyYWwgSW5mb3Jt
YXRpb24gUHJvY2Vzc2luZyBTeXN0ZW1zICgqKk5ldXJJUFMqKikgMjAxOCAg
DQoNCiMjIFZpZGVvLXRvLVZpZGVvIFRyYW5zbGF0aW9uDQotIExhYmVsLXRv
LVN0cmVldHZpZXcgUmVzdWx0cw0KPHAgYWxpZ249J2NlbnRlcic+ICANCiAg
PGltZyBzcmM9J2ltZ3MvY2l0eV9jaGFuZ2Vfc3R5bGVzLmdpZicgd2lkdGg9
JzQ0MCcvPiAgDQogIDxpbWcgc3JjPSdpbWdzL2NpdHlfY2hhbmdlX2xhYmVs
cy5naWYnIHdpZHRoPSc0NDAnLz4NCjwvcD4NCg0KLSBFZGdlLXRvLUZhY2Ug
UmVzdWx0cw0KPHAgYWxpZ249J2NlbnRlcic+DQogIDxpbWcgc3JjPSdpbWdz
L2ZhY2UuZ2lmJyB3aWR0aD0nNDQwJy8+DQogIDxpbWcgc3JjPSdpbWdzL2Zh
Y2VfbXVsdGlwbGUuZ2lmJyB3aWR0aD0nNDQwJy8+DQo8L3A+DQoNCi0gUG9z
ZS10by1Cb2R5IFJlc3VsdHMNCjxwIGFsaWduPSdjZW50ZXInPg0KICA8aW1n
IHNyYz0naW1ncy9wb3NlLmdpZicgd2lkdGg9JzU1MCcvPg0KPC9wPg0KDQot
IEZyYW1lIFByZWRpY3Rpb24gUmVzdWx0cw0KPHAgYWxpZ249J2NlbnRlcic+
DQogIDxpbWcgc3JjPSdpbWdzL2ZyYW1lUHJlZGljdC5naWYnIHdpZHRoPSc1
NTAnLz4NCjwvcD4NCg0KIyMgUHJlcmVxdWlzaXRlcw0KLSBMaW51eCBvciBt
YWNPUw0KLSBQeXRob24gMw0KLSBOVklESUEgR1BVICsgQ1VEQSBjdUROTg0K
LSBQeVRvcmNoIDAuNA0KDQoNCiMjIEdldHRpbmcgU3RhcnRlZA0KIyMjIElu
c3RhbGxhdGlvbg0KLSBJbnN0YWxsIHB5dGhvbiBsaWJyYXJpZXMgW2RvbWlu
YXRlXShodHRwczovL2dpdGh1Yi5jb20vS25pby9kb21pbmF0ZSkgYW5kIHJl
cXVlc3RzLg0KYGBgYmFzaA0KcGlwIGluc3RhbGwgZG9taW5hdGUgcmVxdWVz
dHMNCmBgYA0KLSBJZiB5b3UgcGxhbiB0byB0cmFpbiB3aXRoIGZhY2UgZGF0
YXNldHMsIHBsZWFzZSBpbnN0YWxsIGRsaWIuDQpgYGBiYXNoDQpwaXAgaW5z
dGFsbCBkbGliDQpgYGANCi0gSWYgeW91IHBsYW4gdG8gdHJhaW4gd2l0aCBw
b3NlIGRhdGFzZXRzLCBwbGVhc2UgaW5zdGFsbCBbRGVuc2VQb3NlXShodHRw
czovL2dpdGh1Yi5jb20vZmFjZWJvb2tyZXNlYXJjaC9EZW5zZVBvc2UpIGFu
ZC9vciBbT3BlblBvc2VdKGh0dHBzOi8vZ2l0aHViLmNvbS9DTVUtUGVyY2Vw
dHVhbC1Db21wdXRpbmctTGFiL29wZW5wb3NlKS4NCi0gQ2xvbmUgdGhpcyBy
ZXBvOg0KYGBgYmFzaA0KZ2l0IGNsb25lIGh0dHBzOi8vZ2l0aHViLmNvbS9O
VklESUEvdmlkMnZpZA0KY2QgdmlkMnZpZA0KYGBgDQotIERvY2tlciBJbWFn
ZQ0KSWYgeW91IGhhdmUgZGlmZmljdWx0eSBidWlsZGluZyB0aGUgcmVwbywg
YSBkb2NrZXIgaW1hZ2UgY2FuIGJlIGZvdW5kIGluIHRoZSBgZG9ja2VyYCBm
b2xkZXIuDQoNCiMjIyBUZXN0aW5nIA0KLSBQbGVhc2UgZmlyc3QgZG93bmxv
YWQgZXhhbXBsZSBkYXRhc2V0IGJ5IHJ1bm5pbmcgYHB5dGhvbiBzY3JpcHRz
L2Rvd25sb2FkX2RhdGFzZXRzLnB5YC4NCi0gTmV4dCwgY29tcGlsZSBhIHNu
YXBzaG90IG9mIFtGbG93TmV0Ml0oaHR0cHM6Ly9naXRodWIuY29tL05WSURJ
QS9mbG93bmV0Mi1weXRvcmNoKSBieSBydW5uaW5nIGBweXRob24gc2NyaXB0
cy9kb3dubG9hZF9mbG93bmV0Mi5weWAuDQotIENpdHlzY2FwZXMgICAgDQog
IC0gUGxlYXNlIGRvd25sb2FkIHRoZSBwcmUtdHJhaW5lZCBDaXR5c2NhcGVz
IG1vZGVsIGJ5Og0KICAgIGBgYGJhc2gNCiAgICBweXRob24gc2NyaXB0cy9z
dHJlZXQvZG93bmxvYWRfbW9kZWxzLnB5DQogICAgYGBgDQogIC0gVG8gdGVz
dCB0aGUgbW9kZWwgKGBiYXNoIC4vc2NyaXB0cy9zdHJlZXQvdGVzdF8yMDQ4
LnNoYCk6DQogICAgYGBgYmFzaA0KICAgICMhLi9zY3JpcHRzL3N0cmVldC90
ZXN0XzIwNDguc2gNCiAgICBweXRob24gdGVzdC5weSAtLW5hbWUgbGFiZWwy
Y2l0eV8yMDQ4IC0tbGFiZWxfbmMgMzUgLS1sb2FkU2l6ZSAyMDQ4IC0tbl9z
Y2FsZXNfc3BhdGlhbCAzIC0tdXNlX2luc3RhbmNlIC0tZmcgLS11c2Vfc2lu
Z2xlX0cNCiAgICBgYGANCiAgICBUaGUgdGVzdCByZXN1bHRzIHdpbGwgYmUg
c2F2ZWQgaW46IGAuL3Jlc3VsdHMvbGFiZWwyY2l0eV8yMDQ4L3Rlc3RfbGF0
ZXN0L2AuDQoNCiAgLSBXZSBhbHNvIHByb3ZpZGUgYSBzbWFsbGVyIG1vZGVs
IHRyYWluZWQgd2l0aCBzaW5nbGUgR1BVLCB3aGljaCBwcm9kdWNlcyBzbGln
aHRseSB3b3JzZSBwZXJmb3JtYW5jZSBhdCAxMDI0IHggNTEyIHJlc29sdXRp
b24uDQogICAgLSBQbGVhc2UgZG93bmxvYWQgdGhlIG1vZGVsIGJ5DQogICAg
YGBgYmFzaA0KICAgIHB5dGhvbiBzY3JpcHRzL3N0cmVldC9kb3dubG9hZF9t
b2RlbHNfZzEucHkNCiAgICBgYGANCiAgICAtIFRvIHRlc3QgdGhlIG1vZGVs
IChgYmFzaCAuL3NjcmlwdHMvc3RyZWV0L3Rlc3RfZzFfMTAyNC5zaGApOg0K
ICAgIGBgYGJhc2gNCiAgICAjIS4vc2NyaXB0cy9zdHJlZXQvdGVzdF9nMV8x
MDI0LnNoDQogICAgcHl0aG9uIHRlc3QucHkgLS1uYW1lIGxhYmVsMmNpdHlf
MTAyNF9nMSAtLWxhYmVsX25jIDM1IC0tbG9hZFNpemUgMTAyNCAtLW5fc2Nh
bGVzX3NwYXRpYWwgMyAtLXVzZV9pbnN0YW5jZSAtLWZnIC0tbl9kb3duc2Ft
cGxlX0cgMiAtLXVzZV9zaW5nbGVfRw0KICAgIGBgYA0KICAtIFlvdSBjYW4g
ZmluZCBtb3JlIGV4YW1wbGUgc2NyaXB0cyBpbiB0aGUgYHNjcmlwdHMvc3Ry
ZWV0L2AgZGlyZWN0b3J5Lg0KDQotIEZhY2VzDQogIC0gUGxlYXNlIGRvd25s
b2FkIHRoZSBwcmUtdHJhaW5lZCBtb2RlbCBieToNCiAgICBgYGBiYXNoDQog
ICAgcHl0aG9uIHNjcmlwdHMvZmFjZS9kb3dubG9hZF9tb2RlbHMucHkNCiAg
ICBgYGANCiAgLSBUbyB0ZXN0IHRoZSBtb2RlbCAoYGJhc2ggLi9zY3JpcHRz
L2ZhY2UvdGVzdF81MTIuc2hgKToNCiAgICBgYGBiYXNoDQogICAgIyEuL3Nj
cmlwdHMvZmFjZS90ZXN0XzUxMi5zaA0KICAgIHB5dGhvbiB0ZXN0LnB5IC0t
bmFtZSBlZGdlMmZhY2VfNTEyIC0tZGF0YXJvb3QgZGF0YXNldHMvZmFjZS8g
LS1kYXRhc2V0X21vZGUgZmFjZSAtLWlucHV0X25jIDE1IC0tbG9hZFNpemUg
NTEyIC0tdXNlX3NpbmdsZV9HDQogICAgYGBgDQogICAgVGhlIHRlc3QgcmVz
dWx0cyB3aWxsIGJlIHNhdmVkIGluOiBgLi9yZXN1bHRzL2VkZ2UyZmFjZV81
MTIvdGVzdF9sYXRlc3QvYC4NCg0KIyMjIERhdGFzZXQNCi0gQ2l0eXNjYXBl
cw0KICAtIFdlIHVzZSB0aGUgQ2l0eXNjYXBlcyBkYXRhc2V0IGFzIGFuIGV4
YW1wbGUuIFRvIHRyYWluIGEgbW9kZWwgb24gdGhlIGZ1bGwgZGF0YXNldCwg
cGxlYXNlIGRvd25sb2FkIGl0IGZyb20gdGhlIFtvZmZpY2lhbCB3ZWJzaXRl
XShodHRwczovL3d3dy5jaXR5c2NhcGVzLWRhdGFzZXQuY29tLykgKHJlZ2lz
dHJhdGlvbiByZXF1aXJlZCkuDQogIC0gV2UgYXBwbHkgYSBwcmUtdHJhaW5l
ZCBzZWdtZW50YXRpb24gYWxnb3JpdGhtIHRvIGdldCB0aGUgY29ycmVzcG9u
ZGluZyBzZW1hbnRpYyBtYXBzICh0cmFpbl9BKSBhbmQgaW5zdGFuY2UgbWFw
cyAodHJhaW5faW5zdCkuDQogIC0gUGxlYXNlIGFkZCB0aGUgb2J0YWluZWQg
aW1hZ2VzIHRvIHRoZSBgZGF0YXNldHNgIGZvbGRlciBpbiB0aGUgc2FtZSB3
YXkgdGhlIGV4YW1wbGUgaW1hZ2VzIGFyZSBwcm92aWRlZC4NCi0gRmFjZQ0K
ICAtIFdlIHVzZSB0aGUgW0ZhY2VGb3JlbnNpY3NdKGh0dHA6Ly9uaWVzc25l
cmxhYi5vcmcvcHJvamVjdHMvcm9lc3NsZXIyMDE4ZmFjZWZvcmVuc2ljcy5o
dG1sKSBkYXRhc2V0LiBXZSB0aGVuIHVzZSBsYW5kbWFyayBkZXRlY3Rpb24g
dG8gZXN0aW1hdGUgdGhlIGZhY2Uga2V5cG9pbnRzLCBhbmQgaW50ZXJwb2xh
dGUgdGhlbSB0byBnZXQgZmFjZSBlZGdlcy4NCi0gUG9zZQ0KICAtIFdlIHVz
ZSByYW5kb20gZGFuY2luZyB2aWRlb3MgZm91bmQgb24gWW91VHViZS4gV2Ug
dGhlbiBhcHBseSBEZW5zZVBvc2UgLyBPcGVuUG9zZSB0byBlc3RpbWF0ZSB0
aGUgcG9zZXMgZm9yIGVhY2ggZnJhbWUuDQoNCiMjIyBUcmFpbmluZyB3aXRo
IENpdHlzY2FwZXMgZGF0YXNldA0KLSBGaXJzdCwgZG93bmxvYWQgdGhlIEZs
b3dOZXQyIGNoZWNrcG9pbnQgZmlsZSBieSBydW5uaW5nIGBweXRob24gc2Ny
aXB0cy9kb3dubG9hZF9tb2RlbHNfZmxvd25ldDIucHlgLg0KLSBUcmFpbmlu
ZyB3aXRoIDggR1BVczoNCiAgLSBXZSBhZG9wdCBhIGNvYXJzZS10by1maW5l
IGFwcHJvYWNoLCBzZXF1ZW50aWFsbHkgaW5jcmVhc2luZyB0aGUgcmVzb2x1
dGlvbiBmcm9tIDUxMiB4IDI1NiwgMTAyNCB4IDUxMiwgdG8gMjA0OCB4IDEw
MjQuDQogIC0gVHJhaW4gYSBtb2RlbCBhdCA1MTIgeCAyNTYgcmVzb2x1dGlv
biAoYGJhc2ggLi9zY3JpcHRzL3N0cmVldC90cmFpbl81MTIuc2hgKQ0KICBg
YGBiYXNoDQogICMhLi9zY3JpcHRzL3N0cmVldC90cmFpbl81MTIuc2gNCiAg
cHl0aG9uIHRyYWluLnB5IC0tbmFtZSBsYWJlbDJjaXR5XzUxMiAtLWxhYmVs
X25jIDM1IC0tZ3B1X2lkcyAwLDEsMiwzLDQsNSw2LDcgLS1uX2dwdXNfZ2Vu
IDYgLS1uX2ZyYW1lc190b3RhbCA2IC0tdXNlX2luc3RhbmNlIC0tZmcNCiAg
YGBgDQogIC0gVHJhaW4gYSBtb2RlbCBhdCAxMDI0IHggNTEyIHJlc29sdXRp
b24gKG11c3QgdHJhaW4gNTEyIHggMjU2IGZpcnN0KSAoYGJhc2ggLi9zY3Jp
cHRzL3N0cmVldC90cmFpbl8xMDI0LnNoYCk6DQogIGBgYGJhc2gNCiAgIyEu
L3NjcmlwdHMvc3RyZWV0L3RyYWluXzEwMjQuc2gNCiAgcHl0aG9uIHRyYWlu
LnB5IC0tbmFtZSBsYWJlbDJjaXR5XzEwMjQgLS1sYWJlbF9uYyAzNSAtLWxv
YWRTaXplIDEwMjQgLS1uX3NjYWxlc19zcGF0aWFsIDIgLS1udW1fRCAzIC0t
Z3B1X2lkcyAwLDEsMiwzLDQsNSw2LDcgLS1uX2dwdXNfZ2VuIDQgLS11c2Vf
aW5zdGFuY2UgLS1mZyAtLW5pdGVyX3N0ZXAgMiAtLW5pdGVyX2ZpeF9nbG9i
YWwgMTAgLS1sb2FkX3ByZXRyYWluIGNoZWNrcG9pbnRzL2xhYmVsMmNpdHlf
NTEyDQogIGBgYA0KSWYgeW91IGhhdmUgVGVuc29yRmxvdyBpbnN0YWxsZWQs
IHlvdSBjYW4gc2VlIFRlbnNvckJvYXJkIGxvZ3MgaW4gYC4vY2hlY2twb2lu
dHMvbGFiZWwyY2l0eV8xMDI0L2xvZ3NgIGJ5IGFkZGluZyBgLS10Zl9sb2dg
IHRvIHRoZSB0cmFpbmluZyBzY3JpcHRzLg0KDQotIFRyYWluaW5nIHdpdGgg
YSBzaW5nbGUgR1BVOg0KICAtIFdlIHRyYWluZWQgb3VyIG1vZGVscyB1c2lu
ZyBtdWx0aXBsZSBHUFVzLiBGb3IgY29udmVuaWVuY2UsIHdlIHByb3ZpZGUg
c29tZSBzYW1wbGUgdHJhaW5pbmcgc2NyaXB0cyAodHJhaW5fZzFfWFhYLnNo
KSBmb3Igc2luZ2xlIEdQVSB1c2VycywgdXAgdG8gMTAyNCB4IDUxMiByZXNv
bHV0aW9uLiBBZ2FpbiBhIGNvYXJzZS10by1maW5lIGFwcHJvYWNoIGlzIGFk
b3B0ZWQgKDI1NiB4IDEyOCwgNTEyIHggMjU2LCAxMDI0IHggNTEyKS4gUGVy
Zm9ybWFuY2UgaXMgbm90IGd1YXJhbnRlZWQgdXNpbmcgdGhlc2Ugc2NyaXB0
cy4NCiAgLSBGb3IgZXhhbXBsZSwgdG8gdHJhaW4gYSAyNTYgeCAxMjggdmlk
ZW8gd2l0aCBhIHNpbmdsZSBHUFUgKGBiYXNoIC4vc2NyaXB0cy9zdHJlZXQv
dHJhaW5fZzFfMjU2LnNoYCkNCiAgYGBgYmFzaA0KICAjIS4vc2NyaXB0cy9z
dHJlZXQvdHJhaW5fZzFfMjU2LnNoDQogIHB5dGhvbiB0cmFpbi5weSAtLW5h
bWUgbGFiZWwyY2l0eV8yNTZfZzEgLS1sYWJlbF9uYyAzNSAtLWxvYWRTaXpl
IDI1NiAtLXVzZV9pbnN0YW5jZSAtLWZnIC0tbl9kb3duc2FtcGxlX0cgMiAt
LW51bV9EIDEgLS1tYXhfZnJhbWVzX3Blcl9ncHUgNiAtLW5fZnJhbWVzX3Rv
dGFsIDYNCiAgYGBgDQoNCi0gVHJhaW5pbmcgYXQgZnVsbCAoMmsgeCAxaykg
cmVzb2x1dGlvbg0KICAtIFRvIHRyYWluIHRoZSBpbWFnZXMgYXQgZnVsbCBy
ZXNvbHV0aW9uICgyMDQ4IHggMTAyNCkgcmVxdWlyZXMgOCBHUFVzIHdpdGgg
YXQgbGVhc3QgMjRHIG1lbW9yeSAoYGJhc2ggLi9zY3JpcHRzL3N0cmVldC90
cmFpbl8yMDQ4LnNoYCkuIElmIG9ubHkgR1BVcyB3aXRoIDEyRy8xNkcgbWVt
b3J5IGFyZSBhdmFpbGFibGUsIHBsZWFzZSB1c2UgdGhlIHNjcmlwdCBgLi9z
Y3JpcHRzL3N0cmVldC90cmFpbl8yMDQ4X2Nyb3Auc2hgLCB3aGljaCB3aWxs
IGNyb3AgdGhlIGltYWdlcyBkdXJpbmcgdHJhaW5pbmcuIFBlcmZvcm1hbmNl
IGlzIG5vdCBndWFyYW50ZWVkIHdpdGggdGhpcyBzY3JpcHQuDQoNCiMjIyBU
cmFpbmluZyB3aXRoIGZhY2UgZGF0YXNldHMNCi0gSWYgeW91IGhhdmVuJ3Qs
IHBsZWFzZSBmaXJzdCBkb3dubG9hZCBleGFtcGxlIGRhdGFzZXQgYnkgcnVu
bmluZyBgcHl0aG9uIHNjcmlwdHMvZG93bmxvYWRfZGF0YXNldHMucHlgLg0K
LSBSdW4gdGhlIGZvbGxvd2luZyBjb21tYW5kIHRvIGNvbXB1dGUgZmFjZSBs
YW5kbWFya3MgZm9yIHRyYWluaW5nIGRhdGFzZXQ6IA0KICBgYGBiYXNoDQog
IHB5dGhvbiBkYXRhL2ZhY2VfbGFuZG1hcmtfZGV0ZWN0aW9uLnB5IHRyYWlu
DQogIGBgYA0KLSBSdW4gdGhlIGV4YW1wbGUgc2NyaXB0IChgYmFzaCAuL3Nj
cmlwdHMvZmFjZS90cmFpbl81MTIuc2hgKQ0KICBgYGBiYXNoDQogIHB5dGhv
biB0cmFpbi5weSAtLW5hbWUgZWRnZTJmYWNlXzUxMiAtLWRhdGFyb290IGRh
dGFzZXRzL2ZhY2UvIC0tZGF0YXNldF9tb2RlIGZhY2UgLS1pbnB1dF9uYyAx
NSAtLWxvYWRTaXplIDUxMiAtLW51bV9EIDMgLS1ncHVfaWRzIDAsMSwyLDMs
NCw1LDYsNyAtLW5fZ3B1c19nZW4gNiAtLW5fZnJhbWVzX3RvdGFsIDEyICAN
CiAgYGBgDQotIEZvciBzaW5nbGUgR1BVIHVzZXJzLCBleGFtcGxlIHNjcmlw
dHMgYXJlIGluIHRyYWluX2cxX1hYWC5zaC4gVGhlc2Ugc2NyaXB0cyBhcmUg
bm90IGZ1bGx5IHRlc3RlZCBhbmQgcGxlYXNlIHVzZSBhdCB5b3VyIG93biBk
aXNjcmV0aW9uLiBJZiB5b3Ugc3RpbGwgaGl0IG91dCBvZiBtZW1vcnkgZXJy
b3JzLCB0cnkgcmVkdWNpbmcgYG1heF9mcmFtZXNfcGVyX2dwdWAuDQotIE1v
cmUgZXhhbXBsZXMgc2NyaXB0cyBjYW4gYmUgZm91bmQgaW4gYHNjcmlwdHMv
ZmFjZS9gLg0KLSBQbGVhc2UgcmVmZXIgdG8gW01vcmUgVHJhaW5pbmcvVGVz
dCBEZXRhaWxzXShodHRwczovL2dpdGh1Yi5jb20vTlZJRElBL3ZpZDJ2aWQj
bW9yZS10cmFpbmluZ3Rlc3QtZGV0YWlscykgZm9yIG1vcmUgZXhwbGFuYXRp
b25zIGFib3V0IHRyYWluaW5nIGZsYWdzLg0KDQoNCiMjIyBUcmFpbmluZyB3
aXRoIHBvc2UgZGF0YXNldHMNCi0gSWYgeW91IGhhdmVuJ3QsIHBsZWFzZSBm
aXJzdCBkb3dubG9hZCBleGFtcGxlIGRhdGFzZXQgYnkgcnVubmluZyBgcHl0
aG9uIHNjcmlwdHMvZG93bmxvYWRfZGF0YXNldHMucHlgLg0KLSBFeGFtcGxl
IERlbnNlUG9zZSBhbmQgT3BlblBvc2UgcmVzdWx0cyBhcmUgaW5jbHVkZWQu
IElmIHlvdSBwbGFuIHRvIHVzZSB5b3VyIG93biBkYXRhc2V0LCBwbGVhc2Ug
Z2VuZXJhdGUgdGhlc2UgcmVzdWx0cyBhbmQgcHV0IHRoZW0gaW4gdGhlIHNh
bWUgd2F5IHRoZSBleGFtcGxlIGRhdGFzZXQgaXMgcHJvdmlkZWQuDQotIFJ1
biB0aGUgZXhhbXBsZSBzY3JpcHQgKGBiYXNoIC4vc2NyaXB0cy9wb3NlL3Ry
YWluXzI1NnAuc2hgKQ0KICBgYGBiYXNoDQogIHB5dGhvbiB0cmFpbi5weSAt
LW5hbWUgcG9zZTJib2R5XzI1NnAgLS1kYXRhcm9vdCBkYXRhc2V0cy9wb3Nl
IC0tZGF0YXNldF9tb2RlIHBvc2UgLS1pbnB1dF9uYyA2IC0tbnVtX0QgMiAt
LXJlc2l6ZV9vcl9jcm9wIFNjYWxlSGVpZ2h0X2FuZF9zY2FsZWRDcm9wIC0t
bG9hZFNpemUgMzg0IC0tZmluZVNpemUgMjU2IC0tZ3B1X2lkcyAwLDEsMiwz
LDQsNSw2LDcgLS1iYXRjaFNpemUgOCAtLW1heF9mcmFtZXNfcGVyX2dwdSAz
IC0tbm9fZmlyc3RfaW1nIC0tbl9mcmFtZXNfdG90YWwgMTIgLS1tYXhfdF9z
dGVwIDQNCiAgYGBgDQotIEFnYWluLCBmb3Igc2luZ2xlIEdQVSB1c2Vycywg
ZXhhbXBsZSBzY3JpcHRzIGFyZSBpbiB0cmFpbl9nMV9YWFguc2guIFRoZXNl
IHNjcmlwdHMgYXJlIG5vdCBmdWxseSB0ZXN0ZWQgYW5kIHBsZWFzZSB1c2Ug
YXQgeW91ciBvd24gZGlzY3JldGlvbi4gSWYgeW91IHN0aWxsIGhpdCBvdXQg
b2YgbWVtb3J5IGVycm9ycywgdHJ5IHJlZHVjaW5nIGBtYXhfZnJhbWVzX3Bl
cl9ncHVgLg0KLSBNb3JlIGV4YW1wbGVzIHNjcmlwdHMgY2FuIGJlIGZvdW5k
IGluIGBzY3JpcHRzL3Bvc2UvYC4NCi0gUGxlYXNlIHJlZmVyIHRvIFtNb3Jl
IFRyYWluaW5nL1Rlc3QgRGV0YWlsc10oaHR0cHM6Ly9naXRodWIuY29tL05W
SURJQS92aWQydmlkI21vcmUtdHJhaW5pbmd0ZXN0LWRldGFpbHMpIGZvciBt
b3JlIGV4cGxhbmF0aW9ucyBhYm91dCB0cmFpbmluZyBmbGFncy4NCg0KIyMj
IFRyYWluaW5nIHdpdGggeW91ciBvd24gZGF0YXNldA0KLSBJZiB5b3VyIGlu
cHV0IGlzIGEgbGFiZWwgbWFwLCBwbGVhc2UgZ2VuZXJhdGUgbGFiZWwgbWFw
cyB3aGljaCBhcmUgb25lLWNoYW5uZWwgd2hvc2UgcGl4ZWwgdmFsdWVzIGNv
cnJlc3BvbmQgdG8gdGhlIG9iamVjdCBsYWJlbHMgKGkuZS4gMCwxLC4uLixO
LTEsIHdoZXJlIE4gaXMgdGhlIG51bWJlciBvZiBsYWJlbHMpLiBUaGlzIGlz
IGJlY2F1c2Ugd2UgbmVlZCB0byBnZW5lcmF0ZSBvbmUtaG90IHZlY3RvcnMg
ZnJvbSB0aGUgbGFiZWwgbWFwcy4gUGxlYXNlIHVzZSBgLS1sYWJlbF9uYyBO
YCBkdXJpbmcgYm90aCB0cmFpbmluZyBhbmQgdGVzdGluZy4NCi0gSWYgeW91
ciBpbnB1dCBpcyBub3QgYSBsYWJlbCBtYXAsIHBsZWFzZSBzcGVjaWZ5IGAt
LWlucHV0X25jIE5gIHdoZXJlIE4gaXMgdGhlIG51bWJlciBvZiBpbnB1dCBj
aGFubmVscyAoVGhlIGRlZmF1bHQgaXMgMyBmb3IgUkdCIGltYWdlcykuDQot
IFRoZSBkZWZhdWx0IHNldHRpbmcgZm9yIHByZXByb2Nlc3NpbmcgaXMgYHNj
YWxlV2lkdGhgLCB3aGljaCB3aWxsIHNjYWxlIHRoZSB3aWR0aCBvZiBhbGwg
dHJhaW5pbmcgaW1hZ2VzIHRvIGBvcHQubG9hZFNpemVgICgxMDI0KSB3aGls
ZSBrZWVwaW5nIHRoZSBhc3BlY3QgcmF0aW8uIElmIHlvdSB3YW50IGEgZGlm
ZmVyZW50IHNldHRpbmcsIHBsZWFzZSBjaGFuZ2UgaXQgYnkgdXNpbmcgdGhl
IGAtLXJlc2l6ZV9vcl9jcm9wYCBvcHRpb24uIEZvciBleGFtcGxlLCBgc2Nh
bGVXaWR0aF9hbmRfY3JvcGAgZmlyc3QgcmVzaXplcyB0aGUgaW1hZ2UgdG8g
aGF2ZSB3aWR0aCBgb3B0LmxvYWRTaXplYCBhbmQgdGhlbiBkb2VzIHJhbmRv
bSBjcm9wcGluZyBvZiBzaXplIGAob3B0LmZpbmVTaXplLCBvcHQuZmluZVNp
emUpYC4gYGNyb3BgIHNraXBzIHRoZSByZXNpemluZyBzdGVwIGFuZCBvbmx5
IHBlcmZvcm1zIHJhbmRvbSBjcm9wcGluZy4gYHNjYWxlZENyb3BgIGNyb3Bz
IHRoZSBpbWFnZSB3aGlsZSByZXRyYWluaW5nIHRoZSBvcmlnaW5hbCBhc3Bl
Y3QgcmF0aW8uIGByYW5kb21TY2FsZUhlaWdodGAgd2lsbCByYW5kb21seSBz
Y2FsZSB0aGUgaW1hZ2UgaGVpZ2h0IHRvIGJlIGJldHdlZW4gYG9wdC5sb2Fk
U2l6ZWAgYW5kIGBvcHQuZmluZVNpemVgLiBJZiB5b3UgZG9uJ3Qgd2FudCBh
bnkgcHJlcHJvY2Vzc2luZywgcGxlYXNlIHNwZWNpZnkgYG5vbmVgLCB3aGlj
aCB3aWxsIGRvIG5vdGhpbmcgb3RoZXIgdGhhbiBtYWtpbmcgc3VyZSB0aGUg
aW1hZ2UgaXMgZGl2aXNpYmxlIGJ5IDMyLg0KDQojIyBNb3JlIFRyYWluaW5n
L1Rlc3QgRGV0YWlscw0KLSBXZSBnZW5lcmF0ZSBmcmFtZXMgaW4gdGhlIHZp
ZGVvIHNlcXVlbnRpYWxseSwgd2hlcmUgdGhlIGdlbmVyYXRpb24gb2YgdGhl
IGN1cnJlbnQgZnJhbWUgZGVwZW5kcyBvbiBwcmV2aW91cyBmcmFtZXMuIFRv
IGdlbmVyYXRlIHRoZSBmaXJzdCBmcmFtZSBmb3IgdGhlIG1vZGVsLCB0aGVy
ZSBhcmUgMyBkaWZmZXJlbnQgd2F5czogIA0KICAtIDEuIFVzaW5nIGFub3Ro
ZXIgZ2VuZXJhdG9yIHdoaWNoIHdhcyB0cmFpbmVkIG9uIGdlbmVyYXRpbmcg
c2luZ2xlIGltYWdlcyAoZS5nLiwgcGl4MnBpeEhEKSBieSBzcGVjaWZ5aW5n
IGAtLXVzZV9zaW5nbGVfR2AuIFRoaXMgaXMgdGhlIG9wdGlvbiB3ZSB1c2Ug
aW4gdGhlIHRlc3Qgc2NyaXB0cy4NCiAgLSAyLiBVc2luZyB0aGUgZmlyc3Qg
ZnJhbWUgaW4gdGhlIHJlYWwgc2VxdWVuY2UgYnkgc3BlY2lmeWluZyBgLS11
c2VfcmVhbF9pbWdgLiANCiAgLSAzLiBGb3JjaW5nIHRoZSBtb2RlbCB0byBh
bHNvIHN5bnRoZXNpemUgdGhlIGZpcnN0IGZyYW1lIGJ5IHNwZWNpZnlpbmcg
YC0tbm9fZmlyc3RfaW1nYC4gVGhpcyBtdXN0IGJlIHRyYWluZWQgc2VwYXJh
dGVseSBiZWZvcmUgaW5mZXJlbmNlLg0KLSBUaGUgd2F5IHdlIHRyYWluIHRo
ZSBtb2RlbCBpcyBhcyBmb2xsb3dzOiBzdXBwb3NlIHdlIGhhdmUgOCBHUFVz
LCA0IGZvciBnZW5lcmF0b3JzIGFuZCA0IGZvciBkaXNjcmltaW5hdG9ycywg
YW5kIHdlIHdhbnQgdG8gdHJhaW4gMjggZnJhbWVzLiBBbHNvLCBhc3N1bWUg
ZWFjaCBHUFUgY2FuIGdlbmVyYXRlIG9ubHkgb25lIGZyYW1lLiBUaGUgZmly
c3QgR1BVIGdlbmVyYXRlcyB0aGUgZmlyc3QgZnJhbWUsIGFuZCBwYXNzIGl0
IHRvIHRoZSBuZXh0IEdQVSwgYW5kIHNvIG9uLiBBZnRlciB0aGUgNCBmcmFt
ZXMgYXJlIGdlbmVyYXRlZCwgdGhleSBhcmUgcGFzc2VkIHRvIHRoZSA0IGRp
c2NyaW1pbmF0b3IgR1BVcyB0byBjb21wdXRlIHRoZSBsb3NzZXMuIFRoZW4g
dGhlIGxhc3QgZ2VuZXJhdGVkIGZyYW1lIGJlY29tZXMgaW5wdXQgdG8gdGhl
IG5leHQgYmF0Y2gsIGFuZCB0aGUgbmV4dCA0IGZyYW1lcyBpbiB0aGUgdHJh
aW5pbmcgc2VxdWVuY2UgYXJlIGxvYWRlZCBpbnRvIEdQVXMuIFRoaXMgaXMg
cmVwZWF0ZWQgNyB0aW1lcyAoNCB4IDcgPSAyOCksIHRvIHRyYWluIGFsbCB0
aGUgMjggZnJhbWVzLg0KLSBTb21lIGltcG9ydGFudCBmbGFnczoNCiAgLSBg
bl9ncHVzX2dlbmA6IHRoZSBudW1iZXIgb2YgR1BVcyB0byB1c2UgZm9yIGdl
bmVyYXRvcnMgKHdoaWxlIHRoZSBvdGhlcnMgYXJlIHVzZWQgZm9yIGRpc2Ny
aW1pbmF0b3JzKS4gV2Ugc2VwYXJhdGUgZ2VuZXJhdG9ycyBhbmQgZGlzY3Jp
bWluYXRvcnMgaW50byBkaWZmZXJlbnQgR1BVcyBzaW5jZSB3aGVuIGRlYWxp
bmcgd2l0aCBoaWdoIHJlc29sdXRpb25zLCBldmVuIG9uZSBmcmFtZSBjYW5u
b3QgZml0IGluIGEgR1BVLiBJZiB0aGUgbnVtYmVyIGlzIHNldCB0byBgLTFg
LCB0aGVyZSBpcyBubyBzZXBhcmF0aW9uIGFuZCBhbGwgR1BVcyBhcmUgdXNl
ZCBmb3IgYm90aCBnZW5lcmF0b3JzIGFuZCBkaXNjcmltaW5hdG9ycyAob25s
eSB3b3JrcyBmb3IgbG93LXJlcyBpbWFnZXMpLg0KICAtIGBuX2ZyYW1lc19H
YDogdGhlIG51bWJlciBvZiBpbnB1dCBmcmFtZXMgdG8gZmVlZCBpbnRvIHRo
ZSBnZW5lcmF0b3IgbmV0d29yazsgaS5lLiwgYG5fZnJhbWVzX0cgLSAxYCBp
cyB0aGUgbnVtYmVyIG9mIGZyYW1lcyB3ZSBsb29rIGludG8gdGhlIHBhc3Qu
IHRoZSBkZWZhdWx0IGlzIDMgKGNvbmRpdGlvbmVkIG9uIHByZXZpb3VzIHR3
byBmcmFtZXMpLg0KICAtIGBuX2ZyYW1lc19EYDogdGhlIG51bWJlciBvZiBm
cmFtZXMgdG8gZmVlZCBpbnRvIHRoZSB0ZW1wb3JhbCBkaXNjcmltaW5hdG9y
LiBUaGUgZGVmYXVsdCBpcyAzLg0KICAtIGBuX3NjYWxlc19zcGF0aWFsYDog
dGhlIG51bWJlciBvZiBzY2FsZXMgaW4gdGhlIHNwYXRpYWwgZG9tYWluLiBX
ZSB0cmFpbiBmcm9tIHRoZSBjb2Fyc2VzdCBzY2FsZSBhbmQgYWxsIHRoZSB3
YXkgdG8gdGhlIGZpbmVzdCBzY2FsZS4gVGhlIGRlZmF1bHQgaXMgMy4NCiAg
LSBgbl9zY2FsZXNfdGVtcG9yYWxgOiB0aGUgbnVtYmVyIG9mIHNjYWxlcyBm
b3IgdGhlIHRlbXBvcmFsIGRpc2NyaW1pbmF0b3IuIFRoZSBmaW5lc3Qgc2Nh
bGUgdGFrZXMgaW4gdGhlIHNlcXVlbmNlIGluIHRoZSBvcmlnaW5hbCBmcmFt
ZSByYXRlLiBUaGUgY29hcnNlciBzY2FsZXMgc3Vic2FtcGxlIHRoZSBmcmFt
ZXMgYnkgYSBmYWN0b3Igb2YgYG5fZnJhbWVzX0RgIGJlZm9yZSBmZWVkaW5n
IHRoZSBmcmFtZXMgaW50byB0aGUgZGlzY3JpbWluYXRvci4gRm9yIGV4YW1w
bGUsIGlmIGBuX2ZyYW1lc19EID0gM2AgYW5kIGBuX3NjYWxlc190ZW1wb3Jh
bCA9IDNgLCB0aGUgZGlzY3JpbWluYXRvciBlZmZlY3RpdmVseSBzZWVzIDI3
IGZyYW1lcy4gVGhlIGRlZmF1bHQgaXMgMy4NCiAgLSBgbWF4X2ZyYW1lc19w
ZXJfZ3B1YDogdGhlIG51bWJlciBvZiBmcmFtZXMgaW4gb25lIEdQVSBkdXJp
bmcgdHJhaW5pbmcuIElmIHlvdSBydW4gaW50byBvdXQgb2YgbWVtb3J5IGVy
cm9yLCBwbGVhc2UgZmlyc3QgdHJ5IHRvIHJlZHVjZSB0aGlzIG51bWJlci4g
SWYgeW91ciBHUFUgbWVtb3J5IGNhbiBmaXQgbW9yZSBmcmFtZXMsIHRyeSB0
byBtYWtlIHRoaXMgbnVtYmVyIGJpZ2dlciB0byBtYWtlIHRyYWluaW5nIGZh
c3Rlci4gVGhlIGRlZmF1bHQgaXMgMS4NCiAgLSBgbWF4X2ZyYW1lc19iYWNr
cHJvcGFnYXRlYDogdGhlIG51bWJlciBvZiBmcmFtZXMgdGhhdCBsb3NzIGJh
Y2twcm9wYWdhdGVzIHRvIHByZXZpb3VzIGZyYW1lcy4gRm9yIGV4YW1wbGUs
IGlmIHRoaXMgbnVtYmVyIGlzIDQsIHRoZSBsb3NzIG9uIGZyYW1lIG4gd2ls
bCBiYWNrcHJvcGFnYXRlIHRvIGZyYW1lIG4tMy4gSW5jcmVhc2luZyB0aGlz
IG51bWJlciB3aWxsIHNsaWdodGx5IGltcHJvdmUgdGhlIHBlcmZvcm1hbmNl
LCBidXQgYWxzbyBjYXVzZSB0cmFpbmluZyB0byBiZSBsZXNzIHN0YWJsZS4g
VGhlIGRlZmF1bHQgaXMgMS4NCiAgLSBgbl9mcmFtZXNfdG90YWxgOiB0aGUg
dG90YWwgbnVtYmVyIG9mIGZyYW1lcyBpbiBhIHNlcXVlbmNlIHdlIHdhbnQg
dG8gdHJhaW4gd2l0aC4gV2UgZ3JhZHVhbGx5IGluY3JlYXNlIHRoaXMgbnVt
YmVyIGR1cmluZyB0cmFpbmluZy4NCiAgLSBgbml0ZXJfc3RlcGA6IGZvciBo
b3cgbWFueSBlcG9jaHMgZG8gd2UgZG91YmxlIGBuX2ZyYW1lc190b3RhbGAu
IFRoZSBkZWZhdWx0IGlzIDUuICANCiAgLSBgbml0ZXJfZml4X2dsb2JhbGA6
IGlmIHRoaXMgbnVtYmVyIGlmIG5vdCAwLCBvbmx5IHRyYWluIHRoZSBmaW5l
c3Qgc3BhdGlhbCBzY2FsZSBmb3IgdGhpcyBudW1iZXIgb2YgZXBvY2hzIGJl
Zm9yZSBzdGFydGluZyB0byBmaW5lLXR1bmUgYWxsIHNjYWxlcy4NCiAgLSBg
YmF0Y2hTaXplYDogdGhlIG51bWJlciBvZiBzZXF1ZW5jZXMgdG8gdHJhaW4g
YXQgYSB0aW1lLiBXZSBub3JtYWxseSBzZXQgYmF0Y2hTaXplIHRvIDEgc2lu
Y2Ugb2Z0ZW4sIG9uZSBzZXF1ZW5jZSBpcyBlbm91Z2ggdG8gb2NjdXB5IGFs
bCBHUFVzLiBJZiB5b3Ugd2FudCB0byBkbyBiYXRjaFNpemUgPiAxLCBjdXJy
ZW50bHkgb25seSBgYmF0Y2hTaXplID09IG5fZ3B1c19nZW5gIGlzIHN1cHBv
cnRlZC4NCiAgLSBgbm9fZmlyc3RfaW1nYDogaWYgbm90IHNwZWNpZmllZCwg
dGhlIG1vZGVsIHdpbGwgYXNzdW1lIHRoZSBmaXJzdCBmcmFtZSBpcyBnaXZl
biBhbmQgc3ludGhlc2l6ZSB0aGUgc3VjY2Vzc2l2ZSBmcmFtZXMuIElmIHNw
ZWNpZmllZCwgdGhlIG1vZGVsIHdpbGwgYWxzbyB0cnkgdG8gc3ludGhlc2l6
ZSB0aGUgZmlyc3QgZnJhbWUgaW5zdGVhZC4NCiAgLSBgZmdgOiBpZiBzcGVj
aWZpZWQsIHVzZSB0aGUgZm9yZWdyb3VuZC1iYWNrZ3JvdW5kIHNlcGFyYXRp
b24gbW9kZWwgYXMgc3RhdGVkIGluIHRoZSBwYXBlci4gVGhlIGZvcmVncm91
bmQgbGFiZWxzIG11c3QgYmUgc3BlY2lmaWVkIGJ5IGAtLWZnX2xhYmVsc2Au
DQogIC0gYG5vX2Zsb3dgOiBpZiBzcGVjaWZpZWQsIGRvIG5vdCB1c2UgZmxv
dyB3YXJwaW5nIGFuZCBkaXJlY3RseSBzeW50aGVzaXplIGZyYW1lcy4gV2Ug
Zm91bmQgdGhpcyB1c3VhbGx5IHN0aWxsIHdvcmtzIHJlYXNvbmFibHkgd2Vs
bCB3aGVuIHRoZSBiYWNrZ3JvdW5kIGlzIHN0YXRpYywgd2hpbGUgc2F2aW5n
IG1lbW9yeSBhbmQgdHJhaW5pbmcgdGltZS4NCiAgLSBgc3BhcnNlX0RgOiBp
ZiBzcGVjaWZpZWQsIG9ubHkgYXBwbHkgdGVtcG9yYWwgZGlzY3JpbWluYXRv
ciBvbiBzcGFyc2UgZnJhbWVzIGluIHRoZSBzZXF1ZW5jZS4gVGhpcyBoZWxw
cyBzYXZlIG1lbW9yeSB3aGlsZSBoYXZpbmcgbGl0dGxlIGVmZmVjdCBvbiBw
ZXJmb3JtYW5jZS4NCi0gRm9yIG90aGVyIGZsYWdzLCBwbGVhc2Ugc2VlIGBv
cHRpb25zL3RyYWluX29wdGlvbnMucHlgIGFuZCBgb3B0aW9ucy9iYXNlX29w
dGlvbnMucHlgIGZvciBhbGwgdGhlIHRyYWluaW5nIGZsYWdzOyBzZWUgYG9w
dGlvbnMvdGVzdF9vcHRpb25zLnB5YCBhbmQgYG9wdGlvbnMvYmFzZV9vcHRp
b25zLnB5YCBmb3IgYWxsIHRoZSB0ZXN0IGZsYWdzLg0KDQotIEFkZGl0aW9u
YWwgZmxhZ3MgZm9yIGVkZ2UyZmFjZSBleGFtcGxlczoNCiAgLSBgbm9fY2Fu
bnlfZWRnZWA6IGRvIG5vdCB1c2UgY2FubnkgZWRnZXMgZm9yIGJhY2tncm91
bmQgYXMgaW5wdXQuDQogIC0gYG5vX2Rpc3RfbWFwYDogYnkgZGVmYXVsdCwg
d2UgdXNlIGRpc3RyYW5jZSB0cmFuc2Zvcm0gb24gdGhlIGZhY2UgZWRnZSBt
YXAgYXMgaW5wdXQuIFRoaXMgZmxhZyB3aWxsIG1ha2UgaXQgZGlyZWN0bHkg
dXNlIGVkZ2UgbWFwcy4NCg0KLSBBZGRpdGlvbmFsIGZsYWdzIGZvciBwb3Nl
MmJvZHkgZXhhbXBsZXM6DQogIC0gYGRlbnNlcG9zZV9vbmx5YDogdXNlIG9u
bHkgZGVuc2Vwb3NlIHJlc3VsdHMgYXMgaW5wdXQuIFBsZWFzZSBhbHNvIHJl
bWVtYmVyIHRvIGNoYW5nZSBgaW5wdXRfbmNgIHRvIGJlIDMuDQogIC0gYG9w
ZW5wb3NlX29ubHlgOiB1c2Ugb25seSBvcGVucG9zZSByZXN1bHRzIGFzIGlu
cHV0LiBQbGVhc2UgYWxzbyByZW1lbWJlciB0byBjaGFuZ2UgYGlucHV0X25j
YCB0byBiZSAzLg0KICAtIGBhZGRfZmFjZV9kaXNjYDogYWRkIGFuIGFkZGl0
aW9uYWwgZGlzY3JpbWluYXRvciB0aGF0IG9ubHkgd29ya3Mgb24gdGhlIGZh
Y2UgcmVnaW9uLg0KICAtIGByZW1vdmVfZmFjZV9sYWJlbHNgOiByZW1vdmUg
ZGVuc2Vwb3NlIHJlc3VsdHMgZm9yIGZhY2UsIGFuZCBhZGQgbm9pc2UgdG8g
b3BlbnBvc2UgZmFjZSByZXN1bHRzLCBzbyB0aGUgbmV0d29yayBjYW4gZ2V0
IG1vcmUgcm9idXN0IHRvIGRpZmZlcmVudCBmYWNlIHNoYXBlcy4gVGhpcyBp
cyBpbXBvcnRhbnQgaWYgeW91IHBsYW4gdG8gZG8gaW5mZXJlbmNlIG9uIGhh
bGYtYm9keSB2aWRlb3MgKGlmIG5vdCwgdXN1YWxseSB0aGlzIGZsYWcgaXMg
dW5uZWNlc3NhcnkpLg0KICAtIGByYW5kb21fZHJvcF9wcm9iYDogdGhlIHBy
b2JhYmlsaXR5IHRvIHJhbmRvbWx5IGRyb3AgZWFjaCBwb3NlIHNlZ21lbnQg
ZHVyaW5nIHRyYWluaW5nLCBzbyB0aGUgbmV0d29yayBjYW4gZ2V0IG1vcmUg
cm9idXN0IHRvIG1pc3NpbmcgcG9zZXMgYXQgaW5mZXJlbmNlIHRpbWUuIERl
ZmF1bHQgaXMgMC4wNS4NCiAgLSBgYmFzaWNfcG9pbnRfb25seWA6IGlmIHNw
ZWNpZmllZCwgb25seSB1c2UgYmFzaWMgam9pbnQga2V5cG9pbnRzIGZvciBP
cGVuUG9zZSBvdXRwdXQsIHdpdGhvdXQgdXNpbmcgYW55IGhhbmQgb3IgZmFj
ZSBrZXlwb2ludHMuDQoNCiMjIENpdGF0aW9uDQoNCklmIHlvdSBmaW5kIHRo
aXMgdXNlZnVsIGZvciB5b3VyIHJlc2VhcmNoLCBwbGVhc2UgY2l0ZSB0aGUg
Zm9sbG93aW5nIHBhcGVyLg0KDQpgYGANCkBpbnByb2NlZWRpbmdze3dhbmcy
MDE4dmlkMnZpZCwNCiAgIGF1dGhvciAgICA9IHtUaW5nLUNodW4gV2FuZyBh
bmQgTWluZy1ZdSBMaXUgYW5kIEp1bi1ZYW4gWmh1IGFuZCBHdWlsaW4gTGl1
DQogICAgICAgICAgICAgICAgYW5kIEFuZHJldyBUYW8gYW5kIEphbiBLYXV0
eiBhbmQgQnJ5YW4gQ2F0YW56YXJvfSwNCiAgIHRpdGxlICAgICA9IHtWaWRl
by10by1WaWRlbyBTeW50aGVzaXN9LA0KICAgYm9va3RpdGxlID0ge0FkdmFu
Y2VzIGluIE5ldXJhbCBJbmZvcm1hdGlvbiBQcm9jZXNzaW5nIFN5c3RlbXMg
KE5ldXJJUFMpfSwgICANCiAgIHllYXIgICAgICA9IHsyMDE4fSwNCn0NCmBg
YA0KDQojIyBBY2tub3dsZWRnbWVudHMNCldlIHRoYW5rIEthcmFuIFNhcHJh
LCBGaXRzdW0gUmVkYSwgYW5kIE1hdHRoaWV1IExlIGZvciBnZW5lcmF0aW5n
IHRoZSBzZWdtZW50YXRpb24gbWFwcyBmb3IgdXMuIFdlIGFsc28gdGhhbmsg
TGlzYSBSaGVlIGZvciBhbGxvd2luZyB1cyB0byB1c2UgaGVyIGRhbmNlIHZp
ZGVvcyBmb3IgdHJhaW5pbmcuIFdlIHRoYW5rIFdpbGxpYW0gUy4gUGVlYmxl
cyBmb3IgcHJvb2ZyZWFkaW5nIHRoZSBwYXBlci48L2JyPg0KVGhpcyBjb2Rl
IGJvcnJvd3MgaGVhdmlseSBmcm9tIFtweXRvcmNoLUN5Y2xlR0FOLWFuZC1w
aXgycGl4XShodHRwczovL2dpdGh1Yi5jb20vanVueWFuei9weXRvcmNoLUN5
Y2xlR0FOLWFuZC1waXgycGl4KSBhbmQgW3BpeDJwaXhIRF0oaHR0cHM6Ly9n
aXRodWIuY29tL05WSURJQS9waXgycGl4SEQpLg0K
",,7007,,,,,,,,,,,,,,,,,,,,,,,,,,,,,,,,,,,,,,,,,,,,,,,,,,,,,,,,,,,,,,,,,,,,,,,,,,,,,,,,,,,,,,,,,,,,,,,,,,,,,,,,,,,,,,,,,,,,,,,,,,,,,,,,,,,,,,,,,,,,,,,,,,,,,,,,,,,,,,,,,,,,,,,,,,,,,,,,,,,,,,,,,,,,,,,,
