name,id,description,language,open_issues,stargazers_count,topics,watchers,fork,forks_url,readme,config,travis0,travis1,travis2,travis3,travis4,travis5,travis6,travis7,travis8,travis9,travis10,travis11,travis12,travis13,travis14,travis15,travis16,travis17,travis18,travis19,travis20,travis21,travis22,travis23,gitlab0,gitlab1,gitlab2,gitlab3,gitlab4,gitlab5,gitlab6,gitlab7,gitlab8,gitlab9,gitlab10,gitlab11,gitlab12,gitlab13,gitlab14,gitlab15,gitlab16,gitlab17,gitlab18,gitlab19,gitlab20,gitlab21,gitlab22,gitlab23,jenkinsPipeline0,jenkinsPipeline1,jenkinsPipeline2,jenkinsPipeline3,jenkinsPipeline4,jenkinsPipeline5,jenkinsPipeline6,jenkinsPipeline7,jenkinsPipeline8,jenkinsPipeline9,jenkinsPipeline10,jenkinsPipeline11,jenkinsPipeline12,jenkinsPipeline13,jenkinsPipeline14,jenkinsPipeline15,jenkinsPipeline16,jenkinsPipeline17,jenkinsPipeline18,jenkinsPipeline19,jenkinsPipeline20,jenkinsPipeline21,jenkinsPipeline22,jenkinsPipeline23,cirrus0,cirrus1,cirrus2,cirrus3,cirrus4,cirrus5,cirrus6,cirrus7,cirrus8,cirrus9,cirrus10,cirrus11,cirrus12,cirrus13,cirrus14,cirrus15,cirrus16,cirrus17,cirrus18,cirrus19,cirrus20,cirrus21,cirrus22,cirrus23,github0,github1,github2,github3,github4,github5,github6,github7,github8,github9,github10,github11,github12,github13,github14,github15,github16,github17,github18,github19,github20,github21,github22,github23,cds0,cds1,cds2,cds3,cds4,cds5,cds6,cds7,cds8,cds9,cds10,cds11,cds12,cds13,cds14,cds15,cds16,cds17,cds18,cds19,cds20,cds21,cds22,cds23,azure0,azure1,azure2,azure3,azure4,azure5,azure6,azure7,azure8,azure9,azure10,azure11,azure12,azure13,azure14,azure15,azure16,azure17,azure18,azure19,azure20,azure21,azure22,azure23,circleci0,circleci1,circleci2,circleci3,circleci4,circleci5,circleci6,circleci7,circleci8,circleci9,circleci10,circleci11,circleci12,circleci13,circleci14,circleci15,circleci16,circleci17,circleci18,circleci19,circleci20,circleci21,circleci22,circleci23
b'SnapKit',20541795,b'A Swift Autolayout DSL for iOS & OS X',b'Swift',79,15778,,15778,False,b'https://api.github.com/repos/SnapKit/SnapKit/forks',"PGltZyBzcmM9Imh0dHA6Ly9zbmFwa2l0LmlvL2ltYWdlcy9iYW5uZXIuanBn
IiBhbHQ9IiIgLz4KClNuYXBLaXQgaXMgYSBEU0wgdG8gbWFrZSBBdXRvIExh
eW91dCBlYXN5IG9uIGJvdGggaU9TIGFuZCBPUyBYLgoKWyFbQnVpbGQgU3Rh
dHVzXShodHRwczovL3RyYXZpcy1jaS5vcmcvU25hcEtpdC9TbmFwS2l0LnN2
ZyldKGh0dHBzOi8vdHJhdmlzLWNpLm9yZy9TbmFwS2l0L1NuYXBLaXQpClsh
W1BsYXRmb3JtXShodHRwczovL2ltZy5zaGllbGRzLmlvL2NvY29hcG9kcy9w
L1NuYXBLaXQuc3ZnP3N0eWxlPWZsYXQpXShodHRwczovL2dpdGh1Yi5jb20v
U25hcEtpdC9TbmFwS2l0KQpbIVtDb2NvYXBvZHMgQ29tcGF0aWJsZV0oaHR0
cHM6Ly9pbWcuc2hpZWxkcy5pby9jb2NvYXBvZHMvdi9TbmFwS2l0LnN2Zyld
KGh0dHBzOi8vY29jb2Fwb2RzLm9yZy9wb2RzL1NuYXBLaXQpClshW0NhcnRo
YWdlIGNvbXBhdGlibGVdKGh0dHBzOi8vaW1nLnNoaWVsZHMuaW8vYmFkZ2Uv
Q2FydGhhZ2UtY29tcGF0aWJsZS00QkM1MUQuc3ZnP3N0eWxlPWZsYXQpXSho
dHRwczovL2dpdGh1Yi5jb20vQ2FydGhhZ2UvQ2FydGhhZ2UpCgojIyMjIOKa
oO+4jyAqKlRvIHVzZSB3aXRoIFN3aWZ0IDQueCBwbGVhc2UgZW5zdXJlIHlv
dSBhcmUgdXNpbmcgPj0gNC4wLjAqKiDimqDvuI8KIyMjIyDimqDvuI8gKipU
byB1c2Ugd2l0aCBTd2lmdCA1LnggcGxlYXNlIGVuc3VyZSB5b3UgYXJlIHVz
aW5nID49IDUuMC4wKiog4pqg77iPCgojIyBDb250ZW50cwoKLSBbUmVxdWly
ZW1lbnRzXSgjcmVxdWlyZW1lbnRzKQotIFtNaWdyYXRpb24gR3VpZGVzXSgj
bWlncmF0aW9uLWd1aWRlcykKLSBbQ29tbXVuaWNhdGlvbl0oI2NvbW11bmlj
YXRpb24pCi0gW0luc3RhbGxhdGlvbl0oI2luc3RhbGxhdGlvbikKLSBbVXNh
Z2VdKCN1c2FnZSkKLSBbQ3JlZGl0c10oI2NyZWRpdHMpCi0gW0xpY2Vuc2Vd
KCNsaWNlbnNlKQoKIyMgUmVxdWlyZW1lbnRzCgotIGlPUyAxMC4wKyAvIE1h
YyBPUyBYIDEwLjEyKyAvIHR2T1MgMTAuMCsKLSBYY29kZSAxMC4wKwotIFN3
aWZ0IDQuMCsKCiMjIENvbW11bmljYXRpb24KCi0gSWYgeW91ICoqbmVlZCBo
ZWxwKiosIHVzZSBbU3RhY2sgT3ZlcmZsb3ddKGh0dHA6Ly9zdGFja292ZXJm
bG93LmNvbS9xdWVzdGlvbnMvdGFnZ2VkL3NuYXBraXQpLiAoVGFnICdzbmFw
a2l0JykKLSBJZiB5b3UnZCBsaWtlIHRvICoqYXNrIGEgZ2VuZXJhbCBxdWVz
dGlvbioqLCB1c2UgW1N0YWNrIE92ZXJmbG93XShodHRwOi8vc3RhY2tvdmVy
Zmxvdy5jb20vcXVlc3Rpb25zL3RhZ2dlZC9zbmFwa2l0KS4KLSBJZiB5b3Ug
Kipmb3VuZCBhIGJ1ZyoqLCBvcGVuIGFuIGlzc3VlLgotIElmIHlvdSAqKmhh
dmUgYSBmZWF0dXJlIHJlcXVlc3QqKiwgb3BlbiBhbiBpc3N1ZS4KLSBJZiB5
b3UgKip3YW50IHRvIGNvbnRyaWJ1dGUqKiwgc3VibWl0IGEgcHVsbCByZXF1
ZXN0LgoKCiMjIEluc3RhbGxhdGlvbgoKIyMjIENvY29hUG9kcwoKW0NvY29h
UG9kc10oaHR0cDovL2NvY29hcG9kcy5vcmcpIGlzIGEgZGVwZW5kZW5jeSBt
YW5hZ2VyIGZvciBDb2NvYSBwcm9qZWN0cy4gWW91IGNhbiBpbnN0YWxsIGl0
IHdpdGggdGhlIGZvbGxvd2luZyBjb21tYW5kOgoKYGBgYmFzaAokIGdlbSBp
bnN0YWxsIGNvY29hcG9kcwpgYGAKCj4gQ29jb2FQb2RzIDEuMS4wKyBpcyBy
ZXF1aXJlZCB0byBidWlsZCBTbmFwS2l0IDQuMC4wKy4KClRvIGludGVncmF0
ZSBTbmFwS2l0IGludG8geW91ciBYY29kZSBwcm9qZWN0IHVzaW5nIENvY29h
UG9kcywgc3BlY2lmeSBpdCBpbiB5b3VyIGBQb2RmaWxlYDoKCmBgYHJ1YnkK
c291cmNlICdodHRwczovL2dpdGh1Yi5jb20vQ29jb2FQb2RzL1NwZWNzLmdp
dCcKcGxhdGZvcm0gOmlvcywgJzEwLjAnCnVzZV9mcmFtZXdvcmtzIQoKdGFy
Z2V0ICc8WW91ciBUYXJnZXQgTmFtZT4nIGRvCiAgICBwb2QgJ1NuYXBLaXQn
LCAnfj4gNS4wLjAnCmVuZApgYGAKClRoZW4sIHJ1biB0aGUgZm9sbG93aW5n
IGNvbW1hbmQ6CgpgYGBiYXNoCiQgcG9kIGluc3RhbGwKYGBgCgojIyMgQ2Fy
dGhhZ2UKCltDYXJ0aGFnZV0oaHR0cHM6Ly9naXRodWIuY29tL0NhcnRoYWdl
L0NhcnRoYWdlKSBpcyBhIGRlY2VudHJhbGl6ZWQgZGVwZW5kZW5jeSBtYW5h
Z2VyIHRoYXQgYnVpbGRzIHlvdXIgZGVwZW5kZW5jaWVzIGFuZCBwcm92aWRl
cyB5b3Ugd2l0aCBiaW5hcnkgZnJhbWV3b3Jrcy4KCllvdSBjYW4gaW5zdGFs
bCBDYXJ0aGFnZSB3aXRoIFtIb21lYnJld10oaHR0cDovL2JyZXcuc2gvKSB1
c2luZyB0aGUgZm9sbG93aW5nIGNvbW1hbmQ6CgpgYGBiYXNoCiQgYnJldyB1
cGRhdGUKJCBicmV3IGluc3RhbGwgY2FydGhhZ2UKYGBgCgpUbyBpbnRlZ3Jh
dGUgU25hcEtpdCBpbnRvIHlvdXIgWGNvZGUgcHJvamVjdCB1c2luZyBDYXJ0
aGFnZSwgc3BlY2lmeSBpdCBpbiB5b3VyIGBDYXJ0ZmlsZWA6CgpgYGBvZ2Rs
CmdpdGh1YiAiU25hcEtpdC9TbmFwS2l0IiB+PiA1LjAuMApgYGAKClJ1biBg
Y2FydGhhZ2UgdXBkYXRlYCB0byBidWlsZCB0aGUgZnJhbWV3b3JrIGFuZCBk
cmFnIHRoZSBidWlsdCBgU25hcEtpdC5mcmFtZXdvcmtgIGludG8geW91ciBY
Y29kZSBwcm9qZWN0LgoKIyMjIE1hbnVhbGx5CgpJZiB5b3UgcHJlZmVyIG5v
dCB0byB1c2UgZWl0aGVyIG9mIHRoZSBhZm9yZW1lbnRpb25lZCBkZXBlbmRl
bmN5IG1hbmFnZXJzLCB5b3UgY2FuIGludGVncmF0ZSBTbmFwS2l0IGludG8g
eW91ciBwcm9qZWN0IG1hbnVhbGx5LgoKLS0tCgojIyBVc2FnZQoKIyMjIFF1
aWNrIFN0YXJ0CgpgYGBzd2lmdAppbXBvcnQgU25hcEtpdAoKY2xhc3MgTXlW
aWV3Q29udHJvbGxlcjogVUlWaWV3Q29udHJvbGxlciB7CgogICAgbGF6eSB2
YXIgYm94ID0gVUlWaWV3KCkKCiAgICBvdmVycmlkZSBmdW5jIHZpZXdEaWRM
b2FkKCkgewogICAgICAgIHN1cGVyLnZpZXdEaWRMb2FkKCkKCiAgICAgICAg
c2VsZi52aWV3LmFkZFN1YnZpZXcoYm94KQogICAgICAgIGJveC5iYWNrZ3Jv
dW5kQ29sb3IgPSAuZ3JlZW4KICAgICAgICBib3guc25wLm1ha2VDb25zdHJh
aW50cyB7IChtYWtlKSAtPiBWb2lkIGluCiAgICAgICAgICAgbWFrZS53aWR0
aC5oZWlnaHQuZXF1YWxUbyg1MCkKICAgICAgICAgICBtYWtlLmNlbnRlci5l
cXVhbFRvKHNlbGYudmlldykKICAgICAgICB9CiAgICB9Cgp9CmBgYAoKIyMj
IFBsYXlncm91bmQKWW91IGNhbiB0cnkgU25hcEtpdCBpbiBQbGF5Z3JvdW5k
LgoKKipOb3RlOioqCgo+IFRvIHRyeSBTbmFwS2l0IGluIHBsYXlncm91bmQs
IG9wZW4gYFNuYXBLaXQueGN3b3Jrc3BhY2VgIGFuZCBidWlsZCBTbmFwS2l0
LmZyYW1ld29yayBmb3IgYW55IHNpbXVsYXRvciBmaXJzdC4KCiMjIyBSZXNv
dXJjZXMKCi0gW0RvY3VtZW50YXRpb25dKGh0dHA6Ly9zbmFwa2l0LmlvL2Rv
Y3MvKQotIFtGLkEuUS5dKGh0dHA6Ly9zbmFwa2l0LmlvL2ZhcS8pCgojIyBD
cmVkaXRzCgotIFJvYmVydCBQYXluZSAoW0Byb2JlcnRqcGF5bmVdKGh0dHBz
Oi8vdHdpdHRlci5jb20vcm9iZXJ0anBheW5lKSkKLSBNYW55IG90aGVyIGNv
bnRyaWJ1dG9ycwoKIyMgTGljZW5zZQoKU25hcEtpdCBpcyByZWxlYXNlZCB1
bmRlciB0aGUgTUlUIGxpY2Vuc2UuIFNlZSBMSUNFTlNFIGZvciBkZXRhaWxz
Lgo=
",,"bGFuZ3VhZ2U6IG9iamVjdGl2ZS1jCm9zeF9pbWFnZTogeGNvZGUxMC4yCgpl
bnY6CiAgLSBBQ1RJT049dGVzdCAgUExBVEZPUk09TWFjICAgICBERVNUSU5B
VElPTj0ncGxhdGZvcm09bWFjT1MnCiAgLSBBQ1RJT049dGVzdCAgUExBVEZP
Uk09aU9TICAgICBERVNUSU5BVElPTj0ncGxhdGZvcm09aU9TIFNpbXVsYXRv
cixuYW1lPWlQaG9uZSA2UycKICAtIEFDVElPTj10ZXN0ICBQTEFURk9STT10
dk9TICAgIERFU1RJTkFUSU9OPSdwbGF0Zm9ybT10dk9TIFNpbXVsYXRvcixu
YW1lPUFwcGxlIFRWIDRLIChhdCAxMDgwcCknCgpzY3JpcHQ6CiAgLSBzZXQg
LW8gcGlwZWZhaWwgJiYgeGNvZGVidWlsZCAtc2NoZW1lIFNuYXBLaXQgLWRl
c3RpbmF0aW9uICIkREVTVElOQVRJT04iICRBQ1RJT04gfCB4Y3ByZXR0eQo=
",,,,,,,,,,,,,,,,,,,,,,,,,,,,,,,,,,,,,,,,,,,,,,,,,,,,,,,,,,,,,,,,,,,,,,,,,,,,,,,,,,,,,,,,,,,,,,,,,,,,,,,,,,,,,,,,,,,,,,,,,,,,,,,,,,,,,,,,,,,,,,,,,,,,,,,,,,,,,,,,,,,,,,,,,,,,,,,,,,,,,,,,,,,,,,,
b'odoo',19745004,b'Odoo. Open Source Apps To Grow Your Business.',b'Python',2490,15746,,15746,False,b'https://api.github.com/repos/odoo/odoo/forks',"WyFbQnVpbGQgU3RhdHVzXShodHRwOi8vcnVuYm90Lm9kb28uY29tL3J1bmJv
dC9iYWRnZS9mbGF0LzEvbWFzdGVyLnN2ZyldKGh0dHA6Ly9ydW5ib3Qub2Rv
by5jb20vcnVuYm90KQpbIVtUZWNoIERvY10oaHR0cDovL2ltZy5zaGllbGRz
LmlvL2JhZGdlL21hc3Rlci1kb2NzLTg3NUE3Qi5zdmc/c3R5bGU9ZmxhdCZj
b2xvckE9OEY4RjhGKV0oaHR0cDovL3d3dy5vZG9vLmNvbS9kb2N1bWVudGF0
aW9uL21hc3RlcikKWyFbSGVscF0oaHR0cDovL2ltZy5zaGllbGRzLmlvL2Jh
ZGdlL21hc3Rlci1oZWxwLTg3NUE3Qi5zdmc/c3R5bGU9ZmxhdCZjb2xvckE9
OEY4RjhGKV0oaHR0cHM6Ly93d3cub2Rvby5jb20vZm9ydW0vaGVscC0xKQpb
IVtOaWdodGx5IEJ1aWxkc10oaHR0cDovL2ltZy5zaGllbGRzLmlvL2JhZGdl
L21hc3Rlci1uaWdodGx5LTg3NUE3Qi5zdmc/c3R5bGU9ZmxhdCZjb2xvckE9
OEY4RjhGKV0oaHR0cDovL25pZ2h0bHkub2Rvby5jb20vKQoKT2RvbwotLS0t
CgpPZG9vIGlzIGEgc3VpdGUgb2Ygd2ViIGJhc2VkIG9wZW4gc291cmNlIGJ1
c2luZXNzIGFwcHMuCgpUaGUgbWFpbiBPZG9vIEFwcHMgaW5jbHVkZSBhbiA8
YSBocmVmPSJodHRwczovL3d3dy5vZG9vLmNvbS9wYWdlL2NybSI+T3BlbiBT
b3VyY2UgQ1JNPC9hPiwKPGEgaHJlZj0iaHR0cHM6Ly93d3cub2Rvby5jb20v
cGFnZS93ZWJzaXRlLWJ1aWxkZXIiPldlYnNpdGUgQnVpbGRlcjwvYT4sCjxh
IGhyZWY9Imh0dHBzOi8vd3d3Lm9kb28uY29tL3BhZ2UvZS1jb21tZXJjZSI+
ZUNvbW1lcmNlPC9hPiwKPGEgaHJlZj0iaHR0cHM6Ly93d3cub2Rvby5jb20v
cGFnZS93YXJlaG91c2UiPldhcmVob3VzZSBNYW5hZ2VtZW50PC9hPiwKPGEg
aHJlZj0iaHR0cHM6Ly93d3cub2Rvby5jb20vcGFnZS9wcm9qZWN0LW1hbmFn
ZW1lbnQiPlByb2plY3QgTWFuYWdlbWVudDwvYT4sCjxhIGhyZWY9Imh0dHBz
Oi8vd3d3Lm9kb28uY29tL3BhZ2UvYWNjb3VudGluZyI+QmlsbGluZyAmYW1w
OyBBY2NvdW50aW5nPC9hPiwKPGEgaHJlZj0iaHR0cHM6Ly93d3cub2Rvby5j
b20vcGFnZS9wb2ludC1vZi1zYWxlIj5Qb2ludCBvZiBTYWxlPC9hPiwKPGEg
aHJlZj0iaHR0cHM6Ly93d3cub2Rvby5jb20vcGFnZS9lbXBsb3llZXMiPkh1
bWFuIFJlc291cmNlczwvYT4sCjxhIGhyZWY9Imh0dHBzOi8vd3d3Lm9kb28u
Y29tL3BhZ2UvbGVhZC1hdXRvbWF0aW9uIj5NYXJrZXRpbmc8L2E+LAo8YSBo
cmVmPSJodHRwczovL3d3dy5vZG9vLmNvbS9wYWdlL21hbnVmYWN0dXJpbmci
Pk1hbnVmYWN0dXJpbmc8L2E+LAo8YSBocmVmPSJodHRwczovL3d3dy5vZG9v
LmNvbS8jYXBwcyI+Li4uPC9hPgoKT2RvbyBBcHBzIGNhbiBiZSB1c2VkIGFz
IHN0YW5kLWFsb25lIGFwcGxpY2F0aW9ucywgYnV0IHRoZXkgYWxzbyBpbnRl
Z3JhdGUgc2VhbWxlc3NseSBzbyB5b3UgZ2V0CmEgZnVsbC1mZWF0dXJlZCA8
YSBocmVmPSJodHRwczovL3d3dy5vZG9vLmNvbSI+T3BlbiBTb3VyY2UgRVJQ
PC9hPiB3aGVuIHlvdSBpbnN0YWxsIHNldmVyYWwgQXBwcy4KCgpHZXR0aW5n
IHN0YXJ0ZWQgd2l0aCBPZG9vCi0tLS0tLS0tLS0tLS0tLS0tLS0tLS0tLS0K
Rm9yIGEgc3RhbmRhcmQgaW5zdGFsbGF0aW9uIHBsZWFzZSBmb2xsb3cgdGhl
IDxhIGhyZWY9Imh0dHBzOi8vd3d3Lm9kb28uY29tL2RvY3VtZW50YXRpb24v
bWFzdGVyL3NldHVwL2luc3RhbGwuaHRtbCI+U2V0dXAgaW5zdHJ1Y3Rpb25z
PC9hPgpmcm9tIHRoZSBkb2N1bWVudGF0aW9uLgoKVG8gbGVhcm4gdGhlIHNv
ZnR3YXJlLCB3ZSByZWNvbW1lbmQgdGhlIDxhIGhyZWY9Imh0dHBzOi8vd3d3
Lm9kb28uY29tL3NsaWRlcyI+T2RvbyBlTGVhcm5pbmc8L2E+LCBvciA8YSBo
cmVmPSJodHRwczovL3d3dy5vZG9vLmNvbS9wYWdlL3NjYWxlLXVwLWJ1c2lu
ZXNzLWdhbWUiPlNjYWxlLXVwPC9hPiwgdGhlIDxhIGhyZWY9Imh0dHBzOi8v
d3d3Lm9kb28uY29tL3BhZ2Uvc2NhbGUtdXAtYnVzaW5lc3MtZ2FtZSI+YnVz
aW5lc3MgZ2FtZTwvYT4uIERldmVsb3BlcnMgY2FuIHN0YXJ0IHdpdGggPGEg
aHJlZj0iaHR0cHM6Ly93d3cub2Rvby5jb20vZG9jdW1lbnRhdGlvbi9tYXN0
ZXIvdHV0b3JpYWxzLmh0bWwiPnRoZSBkZXZlbG9wZXIgdHV0b3JpYWxzPC9h
Pgo=
",,,,,,,,,,,,,,,,,,,,,,,,,,,,,,,,,,,,,,,,,,,,,,,,,,,,,,,,,,,,,,,,,,,,,,,,,,,,,,,,,,,,,,,,,,,,,,,,,,,,,,,,,,,,,,,,,,,,,,,,,,,,,,,,,,,,,,,,,,,,,,,,,,,,,,,,,,,,,,,,,,,,,,,,,,,,,,,,,,,,,,,,,,,,,,,,,
b'slate',61412022,b'A completely customizable framework for building rich text editors. (Currently in beta.)',b'JavaScript',441,15714,,15714,False,b'https://api.github.com/repos/ianstormtaylor/slate/forks',"PHAgYWxpZ249ImNlbnRlciI+CiAgPGEgaHJlZj0iIyI+PGltZyBzcmM9Ii4v
ZG9jcy9pbWFnZXMvYmFubmVyLnBuZyIgLz48L2E+CjwvcD4KCjxwIGFsaWdu
PSJjZW50ZXIiPgogIEEgPGVtPmNvbXBsZXRlbHk8L2VtPiBjdXN0b21pemFi
bGUgZnJhbWV3b3JrIDxici8+CiAgZm9yIGJ1aWxkaW5nIHJpY2ggdGV4dCBl
ZGl0b3JzLgo8L3A+Cjxici8+Cgo8cCBhbGlnbj0iY2VudGVyIj4KICA8YSBo
cmVmPSIjd2h5Ij48c3Ryb25nPldoeT88L3N0cm9uZz48L2E+IMK3CiAgPGEg
aHJlZj0iI3ByaW5jaXBsZXMiPjxzdHJvbmc+UHJpbmNpcGxlczwvc3Ryb25n
PjwvYT4gwrcKICA8YSBocmVmPSJodHRwOi8vc2xhdGVqcy5vcmciPjxzdHJv
bmc+RGVtbzwvc3Ryb25nPjwvYT4gwrcKICA8YSBocmVmPSIjZXhhbXBsZXMi
PjxzdHJvbmc+RXhhbXBsZXM8L3N0cm9uZz48L2E+IMK3CiAgPGEgaHJlZj0i
Li9kb2NzL2dlbmVyYWwvcGx1Z2lucy5tZCI+PHN0cm9uZz5QbHVnaW5zPC9z
dHJvbmc+PC9hPiDCtwogIDxhIGhyZWY9Imh0dHA6Ly9kb2NzLnNsYXRlanMu
b3JnIj48c3Ryb25nPkRvY3VtZW50YXRpb248L3N0cm9uZz48L2E+IMK3CiAg
PGEgaHJlZj0iLi9Db250cmlidXRpbmcubWQiPjxzdHJvbmc+Q29udHJpYnV0
aW5nITwvc3Ryb25nPjwvYT4KPC9wPgo8YnIvPgoKPHAgYWxpZ249ImNlbnRl
ciI+CiAgPGEgaHJlZj0iaHR0cDovL3NsYXRlanMub3JnIj48aW1nIHNyYz0i
Li9kb2NzL2ltYWdlcy9wcmV2aWV3LnBuZyI+PC9hPgo8L3A+Cgo8cCBhbGln
bj0iY2VudGVyIj4KICA8YSBocmVmPSJodHRwczovL3VucGtnLmNvbS9zbGF0
ZS9kaXN0L3NsYXRlLm1pbi5qcyI+CiAgICA8aW1nIHNyYz0iaHR0cDovL2lt
Zy5iYWRnZXNpemUuaW8vaHR0cHM6Ly91bnBrZy5jb20vc2xhdGUvZGlzdC9z
bGF0ZS5taW4uanM/Y29tcHJlc3Npb249Z3ppcCZhbXA7bGFiZWw9c2l6ZSI+
CiAgPC9hPgogIDxhIGhyZWY9Imh0dHBzOi8vc2xhdGUtc2xhY2suaGVyb2t1
YXBwLmNvbSI+CiAgICA8aW1nIHNyYz0iaHR0cHM6Ly9zbGF0ZS1zbGFjay5o
ZXJva3VhcHAuY29tL2JhZGdlLnN2ZyI+CiAgPC9hPgogIDxhIGhyZWY9Ii4v
cGFja2FnZXMvc2xhdGUvcGFja2FnZS5qc29uIj4KICAgIDxpbWcgc3JjPSJo
dHRwczovL2ltZy5zaGllbGRzLmlvL25wbS92L3NsYXRlLnN2Zz9tYXhBZ2U9
MzYwMCZsYWJlbD12ZXJzaW9uJmNvbG9yQj0wMDdlYzYiPgogIDwvYT4KPC9w
Pgo8YnIvPgoKU2xhdGUgbGV0cyB5b3UgYnVpbGQgcmljaCwgaW50dWl0aXZl
IGVkaXRvcnMgbGlrZSB0aG9zZSBpbiBbTWVkaXVtXShodHRwczovL21lZGl1
bS5jb20vKSwgW0Ryb3Bib3ggUGFwZXJdKGh0dHBzOi8vd3d3LmRyb3Bib3gu
Y29tL3BhcGVyKSBvciBbR29vZ2xlIERvY3NdKGh0dHBzOi8vd3d3Lmdvb2ds
ZS5jb20vZG9jcy9hYm91dC8p4oCUd2hpY2ggYXJlIGJlY29taW5nIHRhYmxl
IHN0YWtlcyBmb3IgYXBwbGljYXRpb25zIG9uIHRoZSB3ZWLigJR3aXRob3V0
IHlvdXIgY29kZWJhc2UgZ2V0dGluZyBtaXJlZCBpbiBjb21wbGV4aXR5LgoK
SXQgY2FuIGRvIHRoaXMgYmVjYXVzZSBhbGwgb2YgaXRzIGxvZ2ljIGlzIGlt
cGxlbWVudGVkIHdpdGggYSBzZXJpZXMgb2YgcGx1Z2lucywgc28geW91IGFy
ZW4ndCBldmVyIGNvbnN0cmFpbmVkIGJ5IHdoYXQgX2lzXyBvciBfaXNuJ3Rf
IGluICJjb3JlIi4gWW91IGNhbiB0aGluayBvZiBpdCBsaWtlIGEgcGx1Z2dh
YmxlIGltcGxlbWVudGF0aW9uIG9mIGBjb250ZW50ZWRpdGFibGVgIGJ1aWx0
IG9uIHRvcCBvZiBbUmVhY3RdKGh0dHBzOi8vZmFjZWJvb2suZ2l0aHViLmlv
L3JlYWN0LykgYW5kIFtJbW11dGFibGVdKGh0dHBzOi8vaW1tdXRhYmxlLWpz
LmdpdGh1Yi5pby9pbW11dGFibGUtanMvKS4gSXQgd2FzIGluc3BpcmVkIGJ5
IGxpYnJhcmllcyBsaWtlIFtEcmFmdC5qc10oaHR0cHM6Ly9mYWNlYm9vay5n
aXRodWIuaW8vZHJhZnQtanMvKSwgW1Byb3NlbWlycm9yXShodHRwOi8vcHJv
c2VtaXJyb3IubmV0LykgYW5kIFtRdWlsbF0oaHR0cDovL3F1aWxsanMuY29t
LykuCgo+IPCfpJYgKipTbGF0ZSBpcyBjdXJyZW50bHkgaW4gYmV0YSoqLiBJ
dHMgY29yZSBBUEkgaXMgdXNlYWJsZSBub3csIGJ1dCB5b3UgbWlnaHQgbmVl
ZCB0byBwdWxsIHJlcXVlc3QgYSBmaXggb3IgdHdvIGZvciBhZHZhbmNlZCB1
c2UgY2FzZXMuIFNvbWUgb2YgaXRzIEFQSXMgYXJlIG5vdCAiZmluYWxpemVk
IiBhbmQgd2lsbCAoYnJlYWtpbmcpIGNoYW5nZSBvdmVyIHRpbWUgYXMgd2Ug
ZGlzY292ZXIgYmV0dGVyIHNvbHV0aW9ucy4KCjxici8+CgojIyMgV2h5PwoK
V2h5IGNyZWF0ZSBTbGF0ZT8gV2VsbC4uLiBfKEJld2FyZTogdGhpcyBzZWN0
aW9uIGhhcyBhIGZldyBvZiBbbXldKGh0dHBzOi8vZ2l0aHViLmNvbS9pYW5z
dG9ybXRheWxvcikgb3BpbmlvbnMhKV8KCkJlZm9yZSBjcmVhdGluZyBTbGF0
ZSwgSSB0cmllZCBhIGxvdCBvZiB0aGUgb3RoZXIgcmljaCB0ZXh0IGxpYnJh
cmllcyBvdXQgdGhlcmXigJRbKipEcmFmdC5qcyoqXShodHRwczovL2ZhY2Vi
b29rLmdpdGh1Yi5pby9kcmFmdC1qcy8pLCBbKipQcm9zZW1pcnJvcioqXSho
dHRwOi8vcHJvc2VtaXJyb3IubmV0LyksIFsqKlF1aWxsKipdKGh0dHA6Ly9x
dWlsbGpzLmNvbS8pLCBldGMuIFdoYXQgSSBmb3VuZCB3YXMgdGhhdCB3aGls
ZSBnZXR0aW5nIHNpbXBsZSBleGFtcGxlcyB0byB3b3JrIHdhcyBlYXN5IGVu
b3VnaCwgb25jZSB5b3Ugc3RhcnRlZCB0cnlpbmcgdG8gYnVpbGQgc29tZXRo
aW5nIGxpa2UgW01lZGl1bV0oaHR0cHM6Ly9tZWRpdW0uY29tLyksIFtEcm9w
Ym94IFBhcGVyXShodHRwczovL3d3dy5kcm9wYm94LmNvbS9wYXBlcikgb3Ig
W0dvb2dsZSBEb2NzXShodHRwczovL3d3dy5nb29nbGUuY29tL2RvY3MvYWJv
dXQvKSwgeW91IHJhbiBpbnRvIGRlZXBlciBpc3N1ZXMuLi4KCiogKipUaGUg
ZWRpdG9yJ3MgInNjaGVtYSIgd2FzIGhhcmRjb2RlZCBhbmQgaGFyZCB0byBj
dXN0b21pemUuKiogVGhpbmdzIGxpa2UgYm9sZCBhbmQgaXRhbGljIHdlcmUg
c3VwcG9ydGVkIG91dCBvZiB0aGUgYm94LCBidXQgd2hhdCBhYm91dCBjb21t
ZW50cywgb3IgZW1iZWRzLCBvciBldmVuIG1vcmUgZG9tYWluLXNwZWNpZmlj
IG5lZWRzPwoKKiAqKlRyYW5zZm9ybWluZyB0aGUgZG9jdW1lbnRzIHByb2dy
YW1tYXRpY2FsbHkgd2FzIHZlcnkgY29udm9sdXRlZC4qKiBXcml0aW5nIGFz
IGEgdXNlciBtYXkgaGF2ZSB3b3JrZWQsIGJ1dCBtYWtpbmcgcHJvZ3JhbW1h
dGljIGNoYW5nZXMsIHdoaWNoIGlzIGNyaXRpY2FsIGZvciBidWlsZGluZyBh
ZHZhbmNlZCBiZWhhdmlvcnMsIHdhcyBuZWVkbGVzc2x5IGNvbXBsZXguCgoq
ICoqU2VyaWFsaXppbmcgdG8gSFRNTCwgTWFya2Rvd24sIGV0Yy4gc2VlbWVk
IGxpa2UgYW4gYWZ0ZXJ0aG91Z2h0LioqIFNpbXBsZSB0aGluZ3MgbGlrZSB0
cmFuc2Zvcm1pbmcgYSBkb2N1bWVudCB0byBIVE1MIG9yIE1hcmtkb3duIGlu
dm9sdmVkIHdyaXRpbmcgbG90cyBvZiBib2lsZXJwbGF0ZSBjb2RlLCBmb3Ig
d2hhdCBzZWVtZWQgbGlrZSB2ZXJ5IGNvbW1vbiB1c2UgY2FzZXMuCgoqICoq
UmUtaW52ZW50aW5nIHRoZSB2aWV3IGxheWVyIHNlZW1lZCBpbmVmZmljaWVu
dCBhbmQgbGltaXRpbmcuKiogTW9zdCBlZGl0b3JzIHJvbGxlZCB0aGVpciBv
d24gdmlld3MsIGluc3RlYWQgb2YgdXNpbmcgZXhpc3RpbmcgdGVjaG5vbG9n
aWVzIGxpa2UgUmVhY3QsIHNvIHlvdSBoYXZlIHRvIGxlYXJuIGEgd2hvbGUg
bmV3IHN5c3RlbSB3aXRoIG5ldyAiZ290Y2hhcyIuCgoqICoqQ29sbGFib3Jh
dGl2ZSBlZGl0aW5nIHdhc24ndCBkZXNpZ25lZCBmb3IgaW4gYWR2YW5jZS4q
KiBPZnRlbiB0aGUgZWRpdG9yJ3MgaW50ZXJuYWwgcmVwcmVzZW50YXRpb24g
b2YgZGF0YSBtYWRlIGl0IGltcG9zc2libGUgdG8gdXNlIHRvIGZvciBhIHJl
YWx0aW1lLCBjb2xsYWJvcmF0aXZlIGVkaXRpbmcgdXNlIGNhc2Ugd2l0aG91
dCBiYXNpY2FsbHkgcmV3cml0aW5nIHRoZSBlZGl0b3IuCgoqICoqVGhlIHJl
cG9zaXRvcmllcyB3ZXJlIG1vbm9saXRoaWMsIG5vdCBzbWFsbCBhbmQgcmV1
c2FibGUuKiogVGhlIGNvZGUgYmFzZXMgZm9yIG1hbnkgb2YgdGhlIGVkaXRv
cnMgb2Z0ZW4gZGlkbid0IGV4cG9zZSB0aGUgaW50ZXJuYWwgdG9vbGluZyB0
aGF0IGNvdWxkIGhhdmUgYmVlbiByZS11c2VkIGJ5IGRldmVsb3BlcnMsIGxl
YWRpbmcgdG8gaGF2aW5nIHRvIHJlaW52ZW50IHRoZSB3aGVlbC4KCiogKipC
dWlsZGluZyBjb21wbGV4LCBuZXN0ZWQgZG9jdW1lbnRzIHdhcyBpbXBvc3Np
YmxlLioqIE1hbnkgZWRpdG9ycyB3ZXJlIGRlc2lnbmVkIGFyb3VuZCBzaW1w
bGlzdGljICJmbGF0IiBkb2N1bWVudHMsIG1ha2luZyB0aGluZ3MgbGlrZSB0
YWJsZXMsIGVtYmVkcyBhbmQgY2FwdGlvbnMgZGlmZmljdWx0IHRvIHJlYXNv
biBhYm91dCBhbmQgc29tZXRpbWVzIGltcG9zc2libGUuCgpPZiBjb3Vyc2Ug
bm90IGV2ZXJ5IGVkaXRvciBleGhpYml0cyBhbGwgb2YgdGhlc2UgaXNzdWVz
LCBidXQgaWYgeW91J3ZlIHRyaWVkIHVzaW5nIGFub3RoZXIgZWRpdG9yIHlv
dSBtaWdodCBoYXZlIHJ1biBpbnRvIHNpbWlsYXIgcHJvYmxlbXMuIFRvIGdl
dCBhcm91bmQgdGhlIGxpbWl0YXRpb25zIG9mIHRoZWlyIEFQSSdzIGFuZCBh
Y2hpZXZlIHRoZSB1c2VyIGV4cGVyaWVuY2UgeW91J3JlIGFmdGVyLCB5b3Ug
aGF2ZSB0byByZXNvcnQgdG8gdmVyeSBoYWNreSB0aGluZ3MuIEFuZCBzb21l
IGV4cGVyaWVuY2VzIGFyZSBqdXN0IHBsYWluIGltcG9zc2libGUgdG8gYWNo
aWV2ZS4KCklmIHRoYXQgc291bmRzIGZhbWlsaWFyLCB5b3UgbWlnaHQgbGlr
ZSBTbGF0ZS4KCldoaWNoIGJyaW5ncyBtZSB0byBob3cgU2xhdGUgc29sdmVz
IGFsbCBvZiB0aGF0Li4uCgo8YnIvPgoKIyMjIFByaW5jaXBsZXMKClNsYXRl
IHRyaWVzIHRvIHNvbHZlIHRoZSBxdWVzdGlvbiBvZiAiW1doeT9dKCN3aHkp
IiB3aXRoIGEgZmV3IHByaW5jaXBsZXM6CgoxLiAqKkZpcnN0LWNsYXNzIHBs
dWdpbnMuKiogVGhlIG1vc3QgaW1wb3J0YW50IHBhcnQgb2YgU2xhdGUgaXMg
dGhhdCBwbHVnaW5zIGFyZSBmaXJzdC1jbGFzcyBlbnRpdGllc+KAlHRoZSBj
b3JlIGVkaXRvciBsb2dpYyBpcyBldmVuIGltcGxlbWVudGVkIGFzIGl0cyBv
d24gcGx1Z2luLiBUaGF0IG1lYW5zIHlvdSBjYW4gX2NvbXBsZXRlbHlfIGN1
c3RvbWl6ZSB0aGUgZWRpdGluZyBleHBlcmllbmNlLCB0byBidWlsZCBjb21w
bGV4IGVkaXRvcnMgbGlrZSBNZWRpdW0ncyBvciBEcm9wYm94J3MsIHdpdGhv
dXQgaGF2aW5nIHRvIGZpZ2h0IGFnYWluc3QgdGhlIGxpYnJhcnkncyBhc3N1
bXB0aW9ucy4KCjIuICoqU2NoZW1hLWxlc3MgY29yZS4qKiBTbGF0ZSdzIGNv
cmUgbG9naWMgZG9lc24ndCBhc3N1bWUgYW55dGhpbmcgYWJvdXQgdGhlIHNj
aGVtYSBvZiB0aGUgZGF0YSB5b3UnbGwgYmUgZWRpdGluZywgd2hpY2ggbWVh
bnMgdGhhdCB0aGVyZSBhcmUgbm8gYXNzdW1wdGlvbnMgYmFrZWQgaW50byB0
aGUgbGlicmFyeSB0aGF0J2xsIHRyaXAgeW91IHVwIHdoZW4geW91IG5lZWQg
dG8gZ28gYmV5b25kIHRoZSBtb3N0IGJhc2ljIHVzZSBjYXNlcy4KCjMuICoq
TmVzdGVkIGRvY3VtZW50IG1vZGVsLioqIFRoZSBkb2N1bWVudCBtb2RlbCB1
c2VkIGZvciBTbGF0ZSBpcyBhIG5lc3RlZCwgcmVjdXJzaXZlIHRyZWUsIGp1
c3QgbGlrZSB0aGUgRE9NIGl0c2VsZi4gVGhpcyBtZWFucyB0aGF0IGNyZWF0
aW5nIGNvbXBsZXggY29tcG9uZW50cyBsaWtlIHRhYmxlcyBvciBuZXN0ZWQg
YmxvY2sgcXVvdGVzIGFyZSBwb3NzaWJsZSBmb3IgYWR2YW5jZWQgdXNlIGNh
c2VzLiBCdXQgaXQncyBhbHNvIGVhc3kgdG8ga2VlcCBpdCBzaW1wbGUgYnkg
b25seSB1c2luZyBhIHNpbmdsZSBsZXZlbCBvZiBoaWVyYXJjaHkuCgo0LiAq
KlBhcmFsbGVsIHRvIHRoZSBET00uKiogU2xhdGUncyBkYXRhIG1vZGVsIGlz
IGJhc2VkIG9uIHRoZSBET03igJR0aGUgZG9jdW1lbnQgaXMgYSBuZXN0ZWQg
dHJlZSwgaXQgdXNlcyBzZWxlY3Rpb25zIGFuZCByYW5nZXMsIGFuZCBpdCBl
eHBvc2VzIGFsbCB0aGUgc3RhbmRhcmQgZXZlbnQgaGFuZGxlcnMuIFRoaXMg
bWVhbnMgdGhhdCBhZHZhbmNlZCBiZWhhdmlvcnMgbGlrZSB0YWJsZXMgb3Ig
bmVzdGVkIGJsb2NrIHF1b3RlcyBhcmUgcG9zc2libGUuIFByZXR0eSBtdWNo
IGFueXRoaW5nIHlvdSBjYW4gZG8gaW4gdGhlIERPTSwgeW91IGNhbiBkbyBp
biBTbGF0ZS4KCjUuICoqU3RhdGVsZXNzIHZpZXdzIGFuZCBpbW11dGFibGUg
ZGF0YS4qKiBCeSB1c2luZyBSZWFjdCBhbmQgSW1tdXRhYmxlLmpzLCB0aGUg
U2xhdGUgZWRpdG9yIGlzIGJ1aWx0IGluIGEgc3RhdGVsZXNzIGZhc2hpb24g
dXNpbmcgaW1tdXRhYmxlIGRhdGEgc3RydWN0dXJlcywgd2hpY2ggbGVhZHMg
dG8gbXVjaCBlYXNpZXIgdG8gcmVhc29uIGFib3V0IGNvZGUsIGFuZCBhIG11
Y2ggZWFzaWVyIHRpbWUgd3JpdGluZyBwbHVnaW5zLgoKNi4gKipJbnR1aXRp
dmUgY2hhbmdlcy4qKiBTbGF0ZSBkb2N1bWVudHMgYXJlIGVkaXRlZCB1c2lu
ZyAiY2hhbmdlcyIsIHRoYXQgYXJlIGRlc2lnbmVkIHRvIGJlIGhpZ2gtbGV2
ZWwgYW5kIGV4dHJlbWVseSBpbnR1aXRpdmUgdG8gd3JpdGUgYW5kIHJlYWQs
IHNvIHRoYXQgY3VzdG9tIGZ1bmN0aW9uYWxpdHkgaXMgYXMgZXhwcmVzc2l2
ZSBhcyBwb3NzaWJsZS4gVGhpcyBncmVhdGx5IGluY3JlYXNlcyB5b3VyIGFi
aWxpdHkgdG8gcmVhc29uIGFib3V0IHlvdXIgY29kZS4KCjcuICoqQ29sbGFi
b3JhdGlvbi1yZWFkeSBkYXRhIG1vZGVsLioqIFRoZSBkYXRhIG1vZGVsIFNs
YXRlIHVzZXPigJRzcGVjaWZpY2FsbHkgaG93IGNoYW5nZXMgYXJlIGFwcGxp
ZWQgdG8gdGhlIGRvY3VtZW504oCUaGFzIGJlZW4gZGVzaWduZWQgdG8gYWxs
b3cgZm9yIGNvbGxhYm9yYXRpdmUgZWRpdGluZyB0byBiZSBsYXllcmVkIG9u
IHRvcCwgc28geW91IHdvbid0IG5lZWQgdG8gcmV0aGluayBldmVyeXRoaW5n
IGlmIHlvdSBkZWNpZGUgdG8gbWFrZSB5b3VyIGVkaXRvciBjb2xsYWJvcmF0
aXZlLgoKOC4gKipDbGVhciAiY29yZSIgYm91bmRhcmllcy4qKiBXaXRoIGEg
cGx1Z2luLWZpcnN0IGFyY2hpdGVjdHVyZSwgYW5kIGEgc2NoZW1hLWxlc3Mg
Y29yZSwgaXQgYmVjb21lcyBhIGxvdCBjbGVhcmVyIHdoZXJlIHRoZSBib3Vu
ZGFyeSBpcyBiZXR3ZWVuICJjb3JlIiBhbmQgImN1c3RvbSIsIHdoaWNoIG1l
YW5zIHRoYXQgdGhlIGNvcmUgZXhwZXJpZW5jZSBkb2Vzbid0IGdldCBib2dn
ZWQgZG93biBpbiBlZGdlIGNhc2VzLgoKPGJyLz4KCiMjIyBEZW1vCgpDaGVj
ayBvdXQgdGhlIFsqKmxpdmUgZGVtbyoqXShodHRwOi8vc2xhdGVqcy5vcmcp
IG9mIGFsbCBvZiB0aGUgZXhhbXBsZXMhCgo8YnIvPgoKIyMjIEV4YW1wbGVz
CgpUbyBnZXQgYSBzZW5zZSBmb3IgaG93IHlvdSBtaWdodCB1c2UgU2xhdGUs
IGNoZWNrIG91dCBhIGZldyBvZiB0aGUgZXhhbXBsZXM6CgoqIFsqKlBsYWlu
IHRleHQqKl0oLi9leGFtcGxlcy9wbGFpbi10ZXh0KSDigJQgc2hvd2luZyB0
aGUgbW9zdCBiYXNpYyBjYXNlOiBhIGdsb3JpZmllZCBgPHRleHRhcmVhPmAu
CiogWyoqUmljaCB0ZXh0KipdKC4vZXhhbXBsZXMvcmljaC10ZXh0KSDigJQg
c2hvd2luZyB0aGUgZmVhdHVyZXMgeW91J2QgZXhwZWN0IGZyb20gYSBiYXNp
YyBlZGl0b3IuCiogWyoqQXV0by1tYXJrZG93bioqXSguL2V4YW1wbGVzL21h
cmtkb3duLXNob3J0Y3V0cykg4oCUIHNob3dpbmcgaG93IHRvIGFkZCBrZXkg
aGFuZGxlcnMgZm9yIE1hcmtkb3duLWxpa2Ugc2hvcnRjdXRzLgoqIFsqKkxp
bmtzKipdKC4vZXhhbXBsZXMvbGlua3MpIOKAlCBzaG93aW5nIGhvdyB3cmFw
IHRleHQgaW4gaW5saW5lIG5vZGVzIHdpdGggYXNzb2NpYXRlZCBkYXRhLgoq
IFsqKkltYWdlcyoqXSguL2V4YW1wbGVzL2ltYWdlcykg4oCUIHNob3dpbmcg
aG93IHRvIHVzZSB2b2lkICh0ZXh0LWxlc3MpIG5vZGVzIHRvIGFkZCBpbWFn
ZXMuCiogWyoqSG92ZXJpbmcgbWVudSoqXSguL2V4YW1wbGVzL2hvdmVyaW5n
LW1lbnUpIOKAlCBzaG93aW5nIGhvdyBhIGNvbnRleHR1YWwgaG92ZXJpbmcg
bWVudSBjYW4gYmUgaW1wbGVtZW50ZWQuCiogWyoqVGFibGVzKipdKC4vZXhh
bXBsZXMvdGFibGVzKSDigJQgc2hvd2luZyBob3cgdG8gbmVzdCBibG9ja3Mg
dG8gcmVuZGVyIG1vcmUgYWR2YW5jZWQgY29tcG9uZW50cy4KKiBbKipQYXN0
ZSBIVE1MKipdKC4vZXhhbXBsZXMvcGFzdGUtaHRtbCkg4oCUIHNob3dpbmcg
aG93IHRvIHVzZSBhbiBIVE1MIHNlcmlhbGl6ZXIgdG8gaGFuZGxlIHBhc3Rl
ZCBIVE1MLgoqIFsqKkNvZGUgSGlnaGxpZ2h0aW5nKipdKC4vZXhhbXBsZXMv
Y29kZS1oaWdobGlnaHRpbmcpIOKAlCBzaG93aW5nIGhvdyB0byB1c2UgZGVj
b3JhdGlvbnMgdG8gZHluYW1pY2FsbHkgbWFyayB0ZXh0LgoqIFsqKlNlZSBh
bGwgdGhlIGV4YW1wbGVzLi4uKipdKC4vZXhhbXBsZXMpCgpJZiB5b3UgaGF2
ZSBhbiBpZGVhIGZvciBhbiBleGFtcGxlIHRoYXQgc2hvd3MgYSBjb21tb24g
dXNlIGNhc2UsIHB1bGwgcmVxdWVzdCBpdCEKCjxici8+CgojIyMgUGx1Z2lu
cwoKU2xhdGUgZW5jb3VyYWdlcyB5b3UgdG8gd3JpdGUgc21hbGwsIHJldXNh
YmxlIG1vZHVsZXMuIENoZWNrIG91dCB0aGUgcHVibGljIG9uZXMgeW91IGNh
biB1c2UgaW4geW91ciBwcm9qZWN0IQoKKiBbYHNsYXRlLWF1dG8tcmVwbGFj
ZWBdKGh0dHBzOi8vZ2l0aHViLmNvbS9pYW5zdG9ybXRheWxvci9zbGF0ZS1w
bHVnaW5zL3RyZWUvbWFzdGVyL3BhY2thZ2VzL3NsYXRlLWF1dG8tcmVwbGFj
ZSkgYXV0by1yZXBsYWNlcyB0ZXh0IGFzIHRoZSB1c2VyIHR5cGVzLiBVc2Vm
dWwgZm9yICJzbWFydCIgdHlwb2dyYXBoeSEKKiBbYHNsYXRlLWNvbGxhcHNl
LW9uLWVzY2FwZWBdKGh0dHBzOi8vZ2l0aHViLmNvbS9pYW5zdG9ybXRheWxv
ci9zbGF0ZS1wbHVnaW5zL3RyZWUvbWFzdGVyL3BhY2thZ2VzL3NsYXRlLWNv
bGxhcHNlLW9uLWVzY2FwZSkgc2ltcGx5IGNvbGxhcHNlcyB0aGUgc2VsZWN0
aW9uIHdoZW4gYGVzY2FwZWAgaXMgcHJlc3NlZC4KKiBbYHNsYXRlLWVkaXQt
Y29kZWBdKGh0dHBzOi8vZ2l0aHViLmNvbS9HaXRib29rSU8vc2xhdGUtZWRp
dC1jb2RlKSBhZGRzIGNvZGUgZWRpdGluZyBiZWhhdmlvciBsaWtlIHRhYi10
by1pbmRlbnQsIGFuZCBlbnRlci10by1zb2Z0LWJyZWFrLgoqIFtgc2xhdGUt
ZWRpdC1saXN0YF0oaHR0cHM6Ly9naXRodWIuY29tL0dpdGJvb2tJTy9zbGF0
ZS1lZGl0LWxpc3QpIGFkZHMgcmljaCwgbmVzdGVkIGxpc3QgZWRpdGluZyBi
ZWhhdmlvci4KKiBbYHNsYXRlLWVkaXQtdGFibGVgXShodHRwczovL2dpdGh1
Yi5jb20vR2l0Ym9va0lPL3NsYXRlLWVkaXQtdGFibGUpIGFkZHMgY29tcGxl
eCB0YWJsZSBlZGl0aW5nIGJlaGF2aW9yIQoqIFtgc2xhdGUtcGFzdGUtbGlu
a2lmeWBdKGh0dHBzOi8vZ2l0aHViLmNvbS9pYW5zdG9ybXRheWxvci9zbGF0
ZS1wbHVnaW5zL3RyZWUvbWFzdGVyL3BhY2thZ2VzL3NsYXRlLXBhc3RlLWxp
bmtpZnkpIHdyYXBzIHRoZSBzZWxlY3RlZCB0ZXh0IGluIGEgbGluayB3aGVu
IGEgVVJMIGlzIHBhc3RlZCBmcm9tIHRoZSBjbGlwYm9hcmQuCiogW2BzbGF0
ZS1wcmlzbWBdKGh0dHBzOi8vZ2l0aHViLmNvbS9HaXRib29rSU8vc2xhdGUt
cHJpc20pIGhpZ2hsaWdodHMgY29kZSBibG9ja3Mgd2l0aCBbUHJpc20uanNd
KGh0dHA6Ly9wcmlzbWpzLmNvbS8pIQoqIFtgc2xhdGUtc29mdC1icmVha2Bd
KGh0dHBzOi8vZ2l0aHViLmNvbS9pYW5zdG9ybXRheWxvci9zbGF0ZS1wbHVn
aW5zL3RyZWUvbWFzdGVyL3BhY2thZ2VzL3NsYXRlLXNvZnQtYnJlYWspIGFk
ZHMgYSBzb2Z0IGJyZWFrIHdoZW4gYGVudGVyYCBpcyBwcmVzc2VkLgoqIFtg
c2xhdGUtZHJvcC1vci1wYXN0ZS1pbWFnZXNgXShodHRwczovL2dpdGh1Yi5j
b20vaWFuc3Rvcm10YXlsb3Ivc2xhdGUtcGx1Z2lucy90cmVlL21hc3Rlci9w
YWNrYWdlcy9zbGF0ZS1kcm9wLW9yLXBhc3RlLWltYWdlcykgbGV0cyB1c2Vy
cyBkcm9wIG9yIHBhc3RlIGltYWdlcyB0byBpbnNlcnQgdGhlbSEKKiBbKipT
ZWUgYWxsIHRoZSBwbHVnaW5zLi4uKipdKC4vZG9jcy9nZW5lcmFsL3BsdWdp
bnMubWQpCgo8YnIvPgoKIyMjIERvY3VtZW50YXRpb24KCklmIHlvdSdyZSB1
c2luZyBTbGF0ZSBmb3IgdGhlIGZpcnN0IHRpbWUsIGNoZWNrIG91dCB0aGUg
W0dldHRpbmcgU3RhcnRlZF0oaHR0cDovL2RvY3Muc2xhdGVqcy5vcmcvd2Fs
a3Rocm91Z2hzL2luc3RhbGxpbmctc2xhdGUpIHdhbGt0aHJvdWdocyBhbmQg
dGhlIFtHdWlkZXNdKGh0dHA6Ly9kb2NzLnNsYXRlanMub3JnL2d1aWRlcykg
dG8gZmFtaWxpYXJpemUgeW91cnNlbGYgd2l0aCBTbGF0ZSdzIGFyY2hpdGVj
dHVyZSBhbmQgbWVudGFsIG1vZGVscy4gT25jZSB5b3UndmUgZ290dGVuIGZh
bWlsaWFyIHdpdGggdGhvc2UsIHlvdSdsbCBwcm9iYWJseSB3YW50IHRvIGNo
ZWNrIG91dCB0aGUgZnVsbCBbQVBJIFJlZmVyZW5jZV0oaHR0cDovL2RvY3Mu
c2xhdGVqcy5vcmcvc2xhdGUtY29yZSkuCgoqIFsqKldhbGt0aHJvdWdocyoq
XShodHRwOi8vZG9jcy5zbGF0ZWpzLm9yZy93YWxrdGhyb3VnaHMvaW5zdGFs
bGluZy1zbGF0ZSkKKiBbKipHdWlkZXMqKl0oaHR0cDovL2RvY3Muc2xhdGVq
cy5vcmcvZ3VpZGVzKQoqIFsqKlJlZmVyZW5jZSoqXShodHRwOi8vZG9jcy5z
bGF0ZWpzLm9yZy9zbGF0ZS1jb3JlKQoqIFsqKkZBUSoqXShodHRwOi8vZG9j
cy5zbGF0ZWpzLm9yZy9nZW5lcmFsL2ZhcSkKKiBbKipSZXNvdXJjZXMqKl0o
aHR0cDovL2RvY3Muc2xhdGVqcy5vcmcvZ2VuZXJhbC9yZXNvdXJjZXMpCgpJ
ZiBldmVuIHRoYXQncyBub3QgZW5vdWdoLCB5b3UgY2FuIGFsd2F5cyBbcmVh
ZCB0aGUgc291cmNlIGl0c2VsZl0oLi9wYWNrYWdlcy9zbGF0ZSksIHdoaWNo
IGlzIGhlYXZpbHkgY29tbWVudGVkLgoKVGhlcmUgYXJlIGFsc28gdHJhbnNs
YXRpb25zIG9mIHRoZSBkb2N1bWVudGF0aW9uIGludG8gb3RoZXIgbGFuZ3Vh
Z2VzOgoKKiBb5Lit5paHXShodHRwczovL2Rvb2RsZXdpbmQuZ2l0aHViLmlv
L3NsYXRlLWRvYy1jbi8pCgpJZiB5b3UncmUgbWFpbnRhaW5pbmcgYSB0cmFu
c2xhdGlvbiwgZmVlbCBmcmVlIHRvIHB1bGwgcmVxdWVzdCBpdCBoZXJlIQoK
PGJyLz4KCiMjIyBQYWNrYWdlcwoKU2xhdGUncyBjb2RlYmFzZSBpcyBtb25v
cmVwbyBtYW5hZ2VkIHdpdGggW0xlcm5hXShodHRwczovL2xlcm5hanMuaW8v
KS4gSXQgY29uc2lzdHMgb2YgYSBoYW5kZnVsIG9mIHBhY2thZ2Vz4oCUYWx0
aG91Z2ggeW91IHdvbid0IGFsd2F5cyB1c2UgYWxsIG9mIHRoZW0uIFRoZXkg
YXJlOgoKfCAqKlBhY2thZ2UqKiAgICAgICAgICAgICAgICAgICAgICAgICAg
ICAgICAgICAgICAgICAgICAgICAgICAgICAgfCAqKlZlcnNpb24qKiAgICAg
ICAgICAgICAgICAgICAgICAgICAgICAgICAgICAgICAgICAgICAgICAgICAg
ICAgICAgICAgICAgICAgICAgICAgICAgICAgICAgICAgICAgICAgICAgICAg
ICAgICAgICAgICAgICAgICAgICAgICAgICAgICAgICAgICAgICB8ICoqU2l6
ZSoqICAgICAgICAgICAgICAgICAgICAgICAgICAgICAgICAgICAgICAgICAg
ICAgICAgICAgICAgICAgICAgICAgICAgICAgICAgICAgICAgICAgICAgICAg
ICAgICAgICAgICAgICAgICAgICAgICAgICAgICAgICAgICAgICAgICAgICAg
ICAgICAgICAgICAgICAgICAgICAgICAgICAgICAgICAgICAgICAgICAgICAg
ICAgICAgICAgICAgICAgICAgICAgICAgICAgICAgIHwgKipEZXNjcmlwdGlv
bioqICAgICAgICAgICAgICAgICAgICAgICAgICAgICAgICAgICAgIHwKfCAt
LS0tLS0tLS0tLS0tLS0tLS0tLS0tLS0tLS0tLS0tLS0tLS0tLS0tLS0tLS0t
LS0tLS0tLS0tLS0tLS0tLS0gfCAtLS0tLS0tLS0tLS0tLS0tLS0tLS0tLS0t
LS0tLS0tLS0tLS0tLS0tLS0tLS0tLS0tLS0tLS0tLS0tLS0tLS0tLS0tLS0t
LS0tLS0tLS0tLS0tLS0tLS0tLS0tLS0tLS0tLS0tLS0tLS0tLS0tLS0tLS0t
LS0tLS0tLS0tLS0tLS0tLS0tLS0tLS0tLS0tLSB8IC0tLS0tLS0tLS0tLS0t
LS0tLS0tLS0tLS0tLS0tLS0tLS0tLS0tLS0tLS0tLS0tLS0tLS0tLS0tLS0t
LS0tLS0tLS0tLS0tLS0tLS0tLS0tLS0tLS0tLS0tLS0tLS0tLS0tLS0tLS0t
LS0tLS0tLS0tLS0tLS0tLS0tLS0tLS0tLS0tLS0tLS0tLS0tLS0tLS0tLS0t
LS0tLS0tLS0tLS0tLS0tLS0tLS0tLS0tLS0tLS0tLS0tLS0tLS0tLS0tLS0t
LS0tLS0tLS0tLS0tLS0tLS0tLS0tIHwgLS0tLS0tLS0tLS0tLS0tLS0tLS0t
LS0tLS0tLS0tLS0tLS0tLS0tLS0tLS0tLS0tLS0tIHwKfCBbYHNsYXRlYF0o
Li9wYWNrYWdlcy9zbGF0ZSkgICAgICAgICAgICAgICAgICAgICAgICAgICAg
ICAgICAgICAgfCBbIVtdKGh0dHBzOi8vaW1nLnNoaWVsZHMuaW8vbnBtL3Yv
c2xhdGUuc3ZnP21heEFnZT0zNjAwJmxhYmVsPXZlcnNpb24mY29sb3JCPTAw
N2VjNildKC4vc2xhdGUvcGFja2FnZS5qc29uKSAgICAgICAgICAgICAgICAg
ICAgICAgICAgICAgICAgICAgICB8IFshW10oaHR0cDovL2ltZy5iYWRnZXNp
emUuaW8vaHR0cHM6Ly91bnBrZy5jb20vc2xhdGUvZGlzdC9zbGF0ZS5taW4u
anM/Y29tcHJlc3Npb249Z3ppcCZsYWJlbD1zaXplKV0oaHR0cHM6Ly91bnBr
Zy5jb20vc2xhdGUvZGlzdC9zbGF0ZS5taW4uanMpICAgICAgICAgICAgICAg
ICAgICAgICAgICAgICAgICAgICAgICAgICAgICAgICAgICAgICAgICAgICAg
ICAgICAgICAgICAgIHwgU2xhdGUncyBjb3JlIGRhdGEgbW9kZWwgbG9naWMu
ICAgICAgICAgICAgICAgICAgICAgIHwKfCBbYHNsYXRlLWJhc2U2NC1zZXJp
YWxpemVyYF0oLi9wYWNrYWdlcy9zbGF0ZS1iYXNlNjQtc2VyaWFsaXplcikg
fCBbIVtdKGh0dHBzOi8vaW1nLnNoaWVsZHMuaW8vbnBtL3Yvc2xhdGUtYmFz
ZTY0LXNlcmlhbGl6ZXIuc3ZnP21heEFnZT0zNjAwJmxhYmVsPXZlcnNpb24m
Y29sb3JCPTAwN2VjNildKC4vc2xhdGUtYmFzZTY0LXNlcmlhbGl6ZXIvcGFj
a2FnZS5qc29uKSB8IFshW10oaHR0cDovL2ltZy5iYWRnZXNpemUuaW8vaHR0
cHM6Ly91bnBrZy5jb20vc2xhdGUtYmFzZTY0LXNlcmlhbGl6ZXIvZGlzdC9z
bGF0ZS1iYXNlNjQtc2VyaWFsaXplci5taW4uanM/Y29tcHJlc3Npb249Z3pp
cCZsYWJlbD1zaXplKV0oaHR0cHM6Ly91bnBrZy5jb20vc2xhdGUtYmFzZTY0
LXNlcmlhbGl6ZXIvZGlzdC9zbGF0ZS1iYXNlNjQtc2VyaWFsaXplci5taW4u
anMpIHwgQSBCYXNlNjQgc3RyaW5nIHNlcmlhbGl6ZXIgZm9yIFNsYXRlIGRv
Y3VtZW50cy4gICAgIHwKfCBbYHNsYXRlLWh0bWwtc2VyaWFsaXplcmBdKC4v
cGFja2FnZXMvc2xhdGUtaHRtbC1zZXJpYWxpemVyKSAgICAgfCBbIVtdKGh0
dHBzOi8vaW1nLnNoaWVsZHMuaW8vbnBtL3Yvc2xhdGUtaHRtbC1zZXJpYWxp
emVyLnN2Zz9tYXhBZ2U9MzYwMCZsYWJlbD12ZXJzaW9uJmNvbG9yQj0wMDdl
YzYpXSguL3NsYXRlLWh0bWwtc2VyaWFsaXplci9wYWNrYWdlLmpzb24pICAg
ICB8IFshW10oaHR0cDovL2ltZy5iYWRnZXNpemUuaW8vaHR0cHM6Ly91bnBr
Zy5jb20vc2xhdGUtaHRtbC1zZXJpYWxpemVyL2Rpc3Qvc2xhdGUtaHRtbC1z
ZXJpYWxpemVyLm1pbi5qcz9jb21wcmVzc2lvbj1nemlwJmxhYmVsPXNpemUp
XShodHRwczovL3VucGtnLmNvbS9zbGF0ZS1odG1sLXNlcmlhbGl6ZXIvZGlz
dC9zbGF0ZS1odG1sLXNlcmlhbGl6ZXIubWluLmpzKSAgICAgICAgIHwgQW4g
SFRNTCBzZXJpYWxpemVyIGZvciBTbGF0ZSBkb2N1bWVudHMuICAgICAgICAg
ICAgIHwKfCBbYHNsYXRlLWh5cGVyc2NyaXB0YF0oLi9wYWNrYWdlcy9zbGF0
ZS1oeXBlcnNjcmlwdCkgICAgICAgICAgICAgfCBbIVtdKGh0dHBzOi8vaW1n
LnNoaWVsZHMuaW8vbnBtL3Yvc2xhdGUtaHlwZXJzY3JpcHQuc3ZnP21heEFn
ZT0zNjAwJmxhYmVsPXZlcnNpb24mY29sb3JCPTAwN2VjNildKC4vc2xhdGUt
aHlwZXJzY3JpcHQvcGFja2FnZS5qc29uKSAgICAgICAgICAgICB8IFshW10o
aHR0cDovL2ltZy5iYWRnZXNpemUuaW8vaHR0cHM6Ly91bnBrZy5jb20vc2xh
dGUtaHlwZXJzY3JpcHQvZGlzdC9zbGF0ZS1oeXBlcnNjcmlwdC5taW4uanM/
Y29tcHJlc3Npb249Z3ppcCZsYWJlbD1zaXplKV0oaHR0cHM6Ly91bnBrZy5j
b20vc2xhdGUtaHlwZXJzY3JpcHQvZGlzdC9zbGF0ZS1oeXBlcnNjcmlwdC5t
aW4uanMpICAgICAgICAgICAgICAgICAgICAgICAgIHwgQSBoeXBlcnNjcmlw
dCB0b29sIHRvIHdyaXRlIEpTWCBTbGF0ZSBkb2N1bWVudHMhICAgIHwKfCBb
YHNsYXRlLXBsYWluLXNlcmlhbGl6ZXJgXSguL3BhY2thZ2VzL3NsYXRlLXBs
YWluLXNlcmlhbGl6ZXIpICAgfCBbIVtdKGh0dHBzOi8vaW1nLnNoaWVsZHMu
aW8vbnBtL3Yvc2xhdGUtcGxhaW4tc2VyaWFsaXplci5zdmc/bWF4QWdlPTM2
MDAmbGFiZWw9dmVyc2lvbiZjb2xvckI9MDA3ZWM2KV0oLi9zbGF0ZS1wbGFp
bi1zZXJpYWxpemVyL3BhY2thZ2UuanNvbikgICB8IFshW10oaHR0cDovL2lt
Zy5iYWRnZXNpemUuaW8vaHR0cHM6Ly91bnBrZy5jb20vc2xhdGUtcGxhaW4t
c2VyaWFsaXplci9kaXN0L3NsYXRlLXBsYWluLXNlcmlhbGl6ZXIubWluLmpz
P2NvbXByZXNzaW9uPWd6aXAmbGFiZWw9c2l6ZSldKGh0dHBzOi8vdW5wa2cu
Y29tL3NsYXRlLXBsYWluLXNlcmlhbGl6ZXIvZGlzdC9zbGF0ZS1wbGFpbi1z
ZXJpYWxpemVyLm1pbi5qcykgICAgIHwgQSBwbGFpbiB0ZXh0IHNlcmlhbGl6
ZXIgZm9yIFNsYXRlIGRvY3VtZW50cy4gICAgICAgIHwKfCBbYHNsYXRlLXBy
b3AtdHlwZXNgXSguL3BhY2thZ2VzL3NsYXRlLXByb3AtdHlwZXMpICAgICAg
ICAgICAgICAgfCBbIVtdKGh0dHBzOi8vaW1nLnNoaWVsZHMuaW8vbnBtL3Yv
c2xhdGUtcHJvcC10eXBlcy5zdmc/bWF4QWdlPTM2MDAmbGFiZWw9dmVyc2lv
biZjb2xvckI9MDA3ZWM2KV0oLi9zbGF0ZS1wcm9wLXR5cGVzL3BhY2thZ2Uu
anNvbikgICAgICAgICAgICAgICB8IFshW10oaHR0cDovL2ltZy5iYWRnZXNp
emUuaW8vaHR0cHM6Ly91bnBrZy5jb20vc2xhdGUtcHJvcC10eXBlcy9kaXN0
L3NsYXRlLXByb3AtdHlwZXMubWluLmpzP2NvbXByZXNzaW9uPWd6aXAmbGFi
ZWw9c2l6ZSldKGh0dHBzOi8vdW5wa2cuY29tL3NsYXRlLXByb3AtdHlwZXMv
ZGlzdC9zbGF0ZS1wcm9wLXR5cGVzLm1pbi5qcykgICAgICAgICAgICAgICAg
ICAgICAgICAgICAgIHwgUmVhY3QgcHJvcCB0eXBlcyBmb3IgY2hlY2tpbmcg
U2xhdGUgdmFsdWVzLiAgICAgICAgIHwKfCBbYHNsYXRlLXJlYWN0YF0oLi9w
YWNrYWdlcy9zbGF0ZS1yZWFjdCkgICAgICAgICAgICAgICAgICAgICAgICAg
fCBbIVtdKGh0dHBzOi8vaW1nLnNoaWVsZHMuaW8vbnBtL3Yvc2xhdGUtcmVh
Y3Quc3ZnP21heEFnZT0zNjAwJmxhYmVsPXZlcnNpb24mY29sb3JCPTAwN2Vj
NildKC4vc2xhdGUtcmVhY3QvcGFja2FnZS5qc29uKSAgICAgICAgICAgICAg
ICAgICAgICAgICB8IFshW10oaHR0cDovL2ltZy5iYWRnZXNpemUuaW8vaHR0
cHM6Ly91bnBrZy5jb20vc2xhdGUtcmVhY3QvZGlzdC9zbGF0ZS1yZWFjdC5t
aW4uanM/Y29tcHJlc3Npb249Z3ppcCZsYWJlbD1zaXplKV0oaHR0cHM6Ly91
bnBrZy5jb20vc2xhdGUtcmVhY3QvZGlzdC9zbGF0ZS1yZWFjdC5taW4uanMp
ICAgICAgICAgICAgICAgICAgICAgICAgICAgICAgICAgICAgICAgICAgICAg
ICAgIHwgUmVhY3QgY29tcG9uZW50cyBmb3IgcmVuZGVyaW5nIFNsYXRlIGVk
aXRvcnMuICAgICAgIHwKfCBbYHNsYXRlLWhvdGtleXNgXSguL3BhY2thZ2Vz
L3NsYXRlLWhvdGtleXMpICAgICAgICAgICAgICAgICAgICAgfCBbIVtdKGh0
dHBzOi8vaW1nLnNoaWVsZHMuaW8vbnBtL3Yvc2xhdGUtaG90a2V5cy5zdmc/
bWF4QWdlPTM2MDAmbGFiZWw9dmVyc2lvbiZjb2xvckI9MDA3ZWM2KV0oLi9z
bGF0ZS1ob3RrZXlzL3BhY2thZ2UuanNvbikgICAgICAgICAgICAgICAgICAg
ICB8IFshW10oaHR0cDovL2ltZy5iYWRnZXNpemUuaW8vaHR0cHM6Ly91bnBr
Zy5jb20vc2xhdGUtaG90a2V5cy9kaXN0L3NsYXRlLWhvdGtleXMubWluLmpz
P2NvbXByZXNzaW9uPWd6aXAmbGFiZWw9c2l6ZSldKGh0dHBzOi8vdW5wa2cu
Y29tL3NsYXRlLWhvdGtleXMvZGlzdC9zbGF0ZS1ob3RrZXlzLm1pbi5qcykg
ICAgICAgICAgICAgICAgICAgICAgICAgICAgICAgICAgICAgICAgIHwgRGV0
ZWN0IGNvbW1vbiBrZXlwcmVzc2VzIGluIGEgcGxhdGZvcm0tYWdub3N0aWMg
d2F5IHwKCjxiciAvPgoKIyMjIENvbnRyaWJ1dGluZyEKCkFsbCBjb250cmli
dXRpb25zIGFyZSBzdXBlciB3ZWxjb21lISBDaGVjayBvdXQgdGhlIFtDb250
cmlidXRpbmcgaW5zdHJ1Y3Rpb25zXSguL0NvbnRyaWJ1dGluZy5tZCkgZm9y
IG1vcmUgaW5mbyEKClNsYXRlIGlzIFtNSVQtbGljZW5zZWRdKC4vTGljZW5z
ZS5tZCkuCg==
",,"bGFuZ3VhZ2U6IG5vZGVfanMKbm9kZV9qczogW25vZGVdCgpiZWZvcmVfaW5z
dGFsbDoKICAjIEV4cG9ydCB0aGUgQysrMTEgY29tcGlsZXIuCiAgLSBpZiBb
WyAkVFJBVklTX09TX05BTUUgPT0gImxpbnV4IiBdXTsgdGhlbiBleHBvcnQg
Q1hYPWcrKy00Ljg7IGZpCgpjYWNoZTogeWFybgoKZW52OgogICMgRG8gbXVs
dGlwbGUgcnVucyBmb3IgdGVzdGluZyBhbmQgbGludGluZy4KICBtYXRyaXg6
CiAgICAtIFRFU1RfVFlQRT10ZXN0CiAgICAtIFRFU1RfVFlQRT1saW50OmVz
bGludAogICAgLSBURVNUX1RZUEU9bGludDpwcmV0dGllcgoKYmVmb3JlX3Nj
cmlwdDoKICAjIFdoZW4gbGludGluZywgYnVpbGQgdGhlIGRlcGVuZGVuY2ll
cyBzbyB0aGV5IGNhbiBiZSByZXNvbHZlZC4KICAtIHwKICAgIHNldCAtZQog
ICAgaWYgW1sgJFRFU1RfVFlQRSA9PSAnbGludDplc2xpbnQnIF1dOyB0aGVu
CiAgICAgIHlhcm4gYnVpbGQKICAgIGZpCiAgICBzZXQgK2UKCnNjcmlwdDoK
ICAjIFJ1biB0ZXN0aW5nIG9yIGxpbnRpbmcgZGVwZW5kaW5nIG9uIHRoZSBl
bnZpcm9ubWVudC4KICAtIHwKICAgIHNldCAtZQogICAgeWFybiAkVEVTVF9U
WVBFCiAgICBzZXQgK2UK
",,,,,,,,,,,,,,,,,,,,,,,,,,,,,,,,,,,,,,,,,,,,,,,,,,,,,,,,,,,,,,,,,,,,,,,,,,,,,,,,,,,,,,,,,,,,,,,,"bmFtZTogYWN0aW9ucwpvbjogW3B1c2hdCmpvYnM6CiAgY2k6CiAgICBydW5z
LW9uOiB1YnVudHUtbGF0ZXN0CiAgICBzdGVwczoKICAgIC0gdXNlczogYWN0
aW9ucy9jaGVja291dEB2MQogICAgLSB1c2VzOiBhY3Rpb25zL3NldHVwLW5v
ZGVAdjEKICAgICAgd2l0aDoKICAgICAgICBub2RlLXZlcnNpb246IDEyCiAg
ICAtIHJ1bjogeWFybiAmJiB5YXJuIGJ1aWxkICYmIHlhcm4gbGludCAmJiB5
YXJuIHRlc3QKICAgICAgZW52OgogICAgICAgIENJOiB0cnVlCg==
",,,,,,,,,,,,,,,,,,,,,,,,,,,,,,,,,,,,,,,,,,,,,,,,,,,,,,,,,,,,,,,,,,,,,,,,,,,,,,,,,,,,,,,,,,,,,,,
b'my-mac-os',53133861,b'List of applications and tools that make my macOS experience even more amazing',b'CSS',1,15711,,15711,False,b'https://api.github.com/repos/nikitavoloboev/my-mac-os/forks',"IyBNeSB3b25kZXJmdWwgd29ybGQgb2YgbWFjT1MgWyFbVGhhbmtzXShodHRw
Oi8vYml0Lmx5L3NheXRoYW5rc3MpXShodHRwczovL2dpdGh1Yi5jb20vc3Bv
bnNvcnMvbmlraXRhdm9sb2JvZXYpCgo+IExpc3Qgb2YgYXBwbGljYXRpb25z
IGFuZCB0b29scyB0aGF0IG1ha2UgbXkgbWFjT1MgZXhwZXJpZW5jZSBldmVu
IG1vcmUgYW1hemluZwoKIVtdKGh0dHBzOi8vcmF3LmdpdGh1YnVzZXJjb250
ZW50LmNvbS9uaWtpdGF2b2xvYm9ldi9teS1tYWMtb3MvbWFzdGVyL2Rlc2t0
b3AucG5nKQoKPiBBbGwgdGhlIGFwcHMgYXJlIGluIG9uZSBkZXNrdG9wIGJl
Y2F1c2UgdGhlcmUgaXMgZGVsYXkgaW4gc3dpdGNoaW5nIGJldHdlZW4gbWFj
T1MgbXVsdGlwbGUgZGVza3RvcHMKCiMjIyMgQ29udGVudHMKCi0gW0FwcGxp
Y2F0aW9uc10oI2FwcGxpY2F0aW9ucykKICAtIFtQcm9kdWN0aXZpdHldKCNw
cm9kdWN0aXZpdHkpCiAgLSBbQ29kZV0oI2NvZGUpCiAgLSBbU29jaWFsXSgj
c29jaWFsKQogIC0gW1dyaXRpbmddKCN3cml0aW5nKQogIC0gW0Rlc2lnbl0o
I2Rlc2lnbikKICAtIFtNdXNpY10oI211c2ljKQogIC0gW0ltYWdlc10oI2lt
YWdlcykKICAtIFtWaWRlb10oI3ZpZGVvKQogIC0gW1V0aWxpdGllc10oI3V0
aWxpdGllcykKICAtIFtCcm93c2Vyc10oI2Jyb3dzZXJzKQogICAgLSBbU2Fm
YXJpIEV4dGVuc2lvbnNdKCNzYWZhcmktZXh0ZW5zaW9ucykKLSBbQ29tbWFu
ZCBMaW5lIEFwcHNdKCNjb21tYW5kLWxpbmUtYXBwcykKLSBbUHJlZmVyZW5j
ZSBQYW5lc10oI3ByZWZlcmVuY2UtcGFuZXMpCi0gW015IHdvbmRlcmZ1bCB3
b3JsZCBvZiBpT1NdKCNteS13b25kZXJmdWwtd29ybGQtb2YtaW9zLSkKLSBb
U2ltaWxhciBTZXR1cHNdKCNzaW1pbGFyLXNldHVwcykKLSBbUmVsYXRlZF0o
I3JlbGF0ZWQpCi0gW0NvbnRyaWJ1dGluZ10oI2NvbnRyaWJ1dGluZykKCiMj
IEFwcGxpY2F0aW9ucwoKSSB1c2UgYSBsb3Qgb2YgYXBwbGljYXRpb25zIG9u
IG15IG1hYy4gQmVsb3cgaXMgYSBsaXN0IG9mIHRoZSBvbmVzIHRoYXQgSSBs
b3ZlIGFuZCB1c2UgdGhlIG1vc3QgaW4gbXkgZGF5IHRvIGRheSBsaWZlLgoK
SSBhbHNvIHNoYXJlIFtteSBkb3RmaWxlc10oaHR0cHM6Ly9naXRodWIuY29t
L25pa2l0YXZvbG9ib2V2L2RvdGZpbGVzI3JlYWRtZSkgdG9nZXRoZXIgd2l0
aCBteSBbaU9TIHNldHVwXShodHRwczovL2dpdGh1Yi5jb20vbmlraXRhdm9s
b2JvZXYvbXktaW9zI3JlYWRtZSkuIEFuZCBJIG1hZGUgYSBbVGVsZWdyYW0g
Z3JvdXBdKGh0dHBzOi8vdC5tZS9qb2luY2hhdC9CQktuUVU0X3J0eTZfOTQy
UEZiUGJ3KSB0byBkaXNjdXNzIGFsbCB0aGluZ3MgbWFjT1MvaU9TLgoKIyMj
IFByb2R1Y3Rpdml0eQoKIyMjIyBbQWxmcmVkXShodHRwczovL3d3dy5hbGZy
ZWRhcHAuY29tKSAtIExhdW5jaGVyCgotIEFsZnJlZCBpcyBhIHBvd2VyZnVs
IGxhdW5jaGVyIHRoYXQgeW91IGNhbiBwcm9ncmFtIHRvIHNob3cgYW55dGhp
bmcgeW91IHdhbnQuIEl0IHNhdmVkIG1lIGEgbG90IG9mIHRpbWUgaW4gbXkg
bGlmZS4KCjxpbWcgc3JjPSJodHRwczovL2kuaW1ndXIuY29tL0J4NUZMbk8u
cG5nIiB3aWR0aD0iNzAwIiBhbHQ9ImltZyI+CgotIEl0IGhhcyBhIGdyZWF0
IFtjb21tdW5pdHldKGh0dHA6Ly93d3cuYWxmcmVkZm9ydW0uY29tLykgYW5k
IFthbWF6aW5nIHdvcmtmbG93c10oaHR0cHM6Ly9naXRodWIuY29tL2xlYXJu
LWFueXRoaW5nL2FsZnJlZC13b3JrZmxvd3MjcmVhZG1lKSB0aGF0IHlvdSBj
YW4gdXNlLgoKLSBJIHdyb3RlIFthbiBhcnRpY2xlXShodHRwczovL21lZGl1
bS5jb20vQG5pa2l0YXZvbG9ib2V2L3dyaXRpbmctYWxmcmVkLXdvcmtmbG93
cy1pbi1nby0yYTQ0ZjYyZGM0MzIpIG9uIGhvdyBhbnlvbmUgY2FuIHN0YXJ0
IGRldmVsb3Bpbmcgd29ya2Zsb3dzIG9mIHRoZWlyIG93biB1c2luZyBHbyBs
YW5ndWFnZSBhbmQgW0F3R29dKGh0dHBzOi8vZ2l0aHViLmNvbS9kZWFuaXNo
ZS9hd2dvKSBsaWJyYXJ5LgoKIyMjIyBbS2FyYWJpbmVyXShodHRwczovL3Bx
cnMub3JnL29zeC9rYXJhYmluZXIvKSAtIEtleWJvYXJkIHJlbWFwcGluZwoK
LSBLYXJhYmluZXIgaXMgYW4gYWJzb2x1dGVseSBhbWF6aW5nIGFwcCB0aGF0
IFtsZXRzIHlvdSByZW1hcCBrZXlzIGF0IGEgdmVyeSBsb3cgbGV2ZWwgb24g
bWFjT1NdKGh0dHBzOi8vbWVkaXVtLmNvbS9AbmlraXRhdm9sb2JvZXYva2Fy
YWJpbmVyLWdvZC1tb2RlLTc0MDdhNWRkYzhmNikuCi0gSSBoYXZlIGNvbXBs
ZXRlbHkgcmVtYXBwZWQgbXkga2V5Ym9hcmQgd2l0aCBpdCBhbmQgZXZlcnkg
a2V5IG9uIG15IGtleWJvYXJkIGlzIGEgY3VzdG9tIG1vZGlmaWVyIGtleSB0
aGF0IEkgY2FuIHByb2dyYW0gdG8gZG8gd2hhdCBJIHdhbnQuCi0gRm9yIGV4
YW1wbGUgeW91IGNhbiBtYWtlIGNhcHMgbG9jayBpbnRvIGFuIGVzY2FwZSBr
ZXkgd2hlbiBwcmVzc2VkIG9uY2UgYnV0IGlmIHlvdSBob2xkIGl0LCBpdCBi
ZWNvbWVzIGEgW2h5cGVyIGtleV0oaHR0cHM6Ly9tZWRpdW0uY29tL0BuaWtp
dGF2b2xvYm9ldi9rYXJhYmluZXItZ29kLW1vZGUtNzQwN2E1ZGRjOGY2KS4g
SHlwZXIga2V5IG1lYW5zIHRoYXQgYSBrZXkgbm93IHNlcnZlcyB0d28gcHVy
cG9zZXMsIG9uY2Ugd2hlbiBwcmVzc2VkIGFsb25lIGFuZCBvbmNlIHdoZW4g
aGVsZCBkb3duLiBTbyBmb3IgZXhhbXBsZSwgZm9yIHJlbWFwcGluZyBjYXBz
IGxvY2ssIHdlIGNhbiByZW1hcCBpdCB0byBhY3QgYXMgZXNjYXBlIHdoZW4g
cHJlc3NlZCBhbG9uZSBvbmNlIGJ1dCBpZiB3ZSBob2xkIGRvd24gb24gaXQs
IGl0IGJlY29tZXMgYOKMmCArIOKMg2AgbW9kaWZpZXIga2V5LiBTbyBgQ2Fw
cyBMb2NrICsgRmAgYmVjb21lcyBg4oyYICsg4oyDICsgRmAuIEFuZCBzbyBv
bi4KLSBJIHRha2UgdGhpcyBpZGVhIGZ1cnRoZXIgYW5kIGRlZmluZSB0aGVz
ZSBraW5kIG9mIGh5cGVyIGtleXMgZm9yICoqZXZlcnkgc2luZ2xlIGtleSBv
biBteSBrZXlib2FyZCoqLgotIEkgZGVzY3JpYmUgaG93IEkgdXNlIEthcmFi
aW5lciBpbiBkZXRhaWwgW2hlcmVdKGh0dHBzOi8vd2lraS5uaWtpdGF2b2xv
Ym9ldi54eXovbWFjb3MvbWFjb3MtYXBwcy9rYXJhYmluZXIpIGFuZCBJIGdl
bmVyYXRlIFtteSBjb25maWd1cmF0aW9uXShodHRwczovL2dpdGh1Yi5jb20v
bmlraXRhdm9sb2JvZXYvZG90ZmlsZXMvYmxvYi9tYXN0ZXIva2FyYWJpbmVy
L2thcmFiaW5lci5lZG4pIHdpdGggYSBbS2FyYWJpbmVyIERTTF0oaHR0cHM6
Ly9naXRodWIuY29tL3lxcmFzaGF3bi9Hb2t1UmFrdUpvdWRvI3JlYWRtZSku
CgojIyMjIFtLZXlib2FyZCBNYWVzdHJvXShodHRwczovL3d3dy5rZXlib2Fy
ZG1hZXN0cm8uY29tL21haW4vKSAtIEF1dG9tYXRpb24gdG9vbAoKLSBLZXli
b2FyZCBNYWVzdHJvIGlzIGVzc2VudGlhbGx5IGFuIElERSBmb3IgYXV0b21h
dGlvbi4gWW91IGNyZWF0ZSBtYWNyb3Mgb2YgYWN0aW9ucyB0aGF0IHlvdSBj
YW4gdGhlbiBlYXNpbHkgY2FsbCBmcm9tIEthcmFiaW5lci4KLSBJdCBoYXMg
YSBbd29uZGVyZnVsIGNvbW11bml0eV0oaHR0cHM6Ly9mb3J1bS5rZXlib2Fy
ZG1hZXN0cm8uY29tLykgdGhhdCBpcyBoYXBweSB0byBoZWxwIHdpdGggd2hh
dGV2ZXIgeW91IGFyZSB0cnlpbmcgdG8gYWNoaWV2ZS4KLSBJIHNoYXJlIFth
bGwgdGhlIG1hY3JvcyBJIHVzZV0oaHR0cHM6Ly93aWtpLm5pa2l0YXZvbG9i
b2V2Lnh5ei9tYWNPUy9hcHBzL2tleWJvYXJkLW1hZXN0cm8va20tbWFjcm9z
KSB3aXRoIHRoZSBhcHAuCgojIyMjIFsyRG9dKGh0dHA6Ly93d3cuMmRvYXBw
LmNvbS9tYWMpIC0gRmxleGlibGUgdGFzayBtYW5hZ2VyCgotIEkgbG92ZSBH
VEQgbWV0aG9kb2xvZ3kuIFRoaXMgYXBwIGlzIHBoZW5vbWVuYWwgd2l0aCBo
ZWxwaW5nIG1lIFtvcmdhbml6ZSBteSB0YXNrc10oaHR0cHM6Ly93aWtpLm5p
a2l0YXZvbG9ib2V2Lnh5ei9tYWNPUy9hcHBzLzJkbykuIEhlcmUgaXMgaG93
IG15IHNpZGViYXIgbG9va3M6Cgo8aW1nIHNyYz0iaHR0cHM6Ly9pLmltZ3Vy
LmNvbS9zNjByV3liLnBuZyIgd2lkdGg9IjE1MCI+CgotIEl0IGFsc28gaGFz
IGdsb2JhbCBxdWljayBhZGQgd2l0aCBhIGhvdGtleS4gVG9nZXRoZXIgd2l0
aCBsaXN0cywgcHJpb3JpdGllcywgcG93ZXJmdWwgc2VhcmNoIGFuZCBhIGxv
dCBtb3JlLgoKPGltZyBzcmM9Imh0dHBzOi8vaS5pbWd1ci5jb20vUXVCc2V4
TS5wbmciIHdpZHRoPSI0MDAiIGFsdD0iaW1nIj4KCiMjIyMgW1RyZWxsb10o
aHR0cHM6Ly90cmVsbG8uY29tKSAtIFByb2plY3QgbWFuYWdlbWVudCB0b29s
CgotIEkgdXNlIHRoZSBhcHAgYSBsb3QgdG8gdHJhY2sgdmFyaW91cyBwcm9q
ZWN0cyBJIGhhdmUgaW4gbXkgbGlmZS4KLSBJIHNoYXJlIG1hbnkgYm9hcmRz
IEkgbWFkZSBbcHVibGljbHldKGh0dHBzOi8vd2lraS5uaWtpdGF2b2xvYm9l
di54eXovc2hhcmluZy9teS10cmVsbG8pLiBIZXJlIGlzIGFuIGV4YW1wbGUg
b2YgYSBwdWJsaWMgYm9hcmQgZm9yIHRyYWNraW5nIHZhcmlvdXMgW3RoaW5n
cyBJIHdhbnQgdG8gbGVhcm5dKGh0dHBzOi8vdHJlbGxvLmNvbS9iL2N1MzJx
RjNxKS4KCiFbXShodHRwczovL2kuaW1ndXIuY29tL1UwS1NCSlQucG5nKQoK
LSBJIGFzc2lnbiBteXNlbGYgdG8gdGhlIGNhcmRzIEkgYW0gd29ya2luZyBv
biBub3cgYW5kIGZpbHRlciB0byBzZWUgb25seSB0aGVtIGJ5IFtwcmVzc2lu
ZyBRIGtleV0oaHR0cHM6Ly90cmVsbG8uY29tL3Nob3J0Y3V0cykuIEkgbWFy
ayBjYXJkcyBJIHdhbnQgdG8gd29yayBvbiBuZXh0IHdpdGggYE5leHRgIHRh
Zy4KCiMjIyMgWzFQYXNzd29yZF0oaHR0cHM6Ly8xcGFzc3dvcmQuY29tKSAt
IFBhc3N3b3JkIG1hbmFnZXIKCi0gR2VuZXJhdGUgYWxsIG9mIG15IHBhc3N3
b3JkcyB3aXRoIGl0IGFuZCBrZWVwIGV2ZXJ5dGhpbmcgaW4gYSBzZWN1cmVk
IGFuZCBlbmNyeXB0ZWQgdmF1bHQga2VwdCBzZWN1cmUgYnkgbXkgb25lIG1h
c3RlciBwYXNzd29yZC4KLSBObyBsb25nZXIgbmVlZCB0byByZW1lbWJlciBw
YXNzd29yZHMgYW5kIEkgbm93IGhhdmUgYSB1bmlxdWUgcGFzc3dvcmQgZm9y
IGV2ZXJ5IHdlYnNpdGUgdGhhdCBJIGFtIHNpZ25lZCB1cCBvbiB3aGlsc3Qg
W2FjdGl2YXRpbmcgdHdvIGZhY3RvciBhdXRoZW50aWNhdGlvbl0oaHR0cHM6
Ly9zdXBwb3J0LjFwYXNzd29yZC5jb20vb25lLXRpbWUtcGFzc3dvcmRzLykg
d2hlcmV2ZXIgcG9zc2libGUuCgojIyMjIFtUaW1pbmddKGh0dHBzOi8vdGlt
aW5nYXBwLmNvbS8/KSAtIEF1dG9tYXRpYyB0aW1lIHRyYWNrZXIKCi0gSSB1
c2UgVGltaW5nIGFwcCB0byBmdWxseSBhdXRvbWF0ZSB0cmFja2luZyBteSB0
aW1lIG9uIG15IGNvbXB1dGVyLgotIFRoZSBmYWN0IHRoYXQgSSBjYW4gY29t
YmluZSBhY3RpdmUgYW5kIHBhc3NpdmUgdHJhY2tpbmcgdG9nZXRoZXIgaXMg
dmVyeSBwb3dlcmZ1bCBhbmQgYWxsb3dzIG1lIHRvIGJlIG1vcmUgYXdhcmUg
b2Ygd2hlcmUgSSBzcGVuZCBteSB0aW1lLgoKIVtdKGh0dHBzOi8vaS5pbWd1
ci5jb20vdzRFUmxOMC5wbmcpCgojIyMjIFtNaW5kTm9kZV0oaHR0cHM6Ly9t
aW5kbm9kZS5jb20pIC0gSW50ZXJhY3RpdmUgTWluZCBNYXBwaW5nCgotIEFu
IGFwcGxpY2F0aW9uIHdoaWNoIGFsbG93ZWQgbWUgdG8gb3JpZ2luYWxseSBj
cmVhdGUgYWxsIG9mIHRoZSBtYXBzIGZvciBbTGVhcm4gQW55dGhpbmddKGh0
dHBzOi8vbGVhcm4tYW55dGhpbmcueHl6KS4KCiFbXShodHRwczovL3Jhdy5n
aXRodWJ1c2VyY29udGVudC5jb20vbGVhcm4tYW55dGhpbmcvMjAxNy1yZWxl
YXNlL21hc3Rlci9tZWRpYS9oZWFkZXIucG5nKQoKLSBJIHVzZSBNaW5kTm9k
ZSB0byBbdmlzdWFsbHkgYnJlYWsgZG93biBwcm9ibGVtcyBJIGFtIHRyeWlu
ZyB0byBzb2x2ZV0oLi4vcmVzZWFyY2gvc29sdmluZy1wcm9ibGVtcy5tZCku
CgohW10oaHR0cHM6Ly9pLmltZ3VyLmNvbS9xSEFKZFlrLnBuZykKCi0gQW5k
IEkgdmlzdWFsaXplIHRvcGljcyBhbmQgdGhlaXIgcmVsYXRpb25zIGFzIGFu
IFtpbnRlcmFjdGl2ZSBtaW5kIG1hcF0oaHR0cHM6Ly9teS5taW5kbm9kZS5j
b20vZFBtS3BXWmdUcFpzYUc0UmYxeWF6N3JYYllobnVxUEREcGRzczR3MiMx
NTk0LjgsLTEwODQuNiwxKS4gSSB1c2UgW01vbm9rYWkgTmlnaHRdKGh0dHBz
Oi8vZ2l0aHViLmNvbS9uaWtpdGF2b2xvYm9ldi9teS1tYWMtb3MvdHJlZS9t
YXN0ZXIvbWluZG5vZGUjcmVhZG1lKSB0aGVtZSBmb3IgaXQuCgohW10oaHR0
cHM6Ly9pLmltZ3VyLmNvbS9ZN3Jxckt0LnBuZykKCiMjIyMgW1R5cGluYXRv
cl0oaHR0cDovL3d3dy5lcmdvbmlzLmNvbS9wcm9kdWN0cy90eXBpbmF0b3Iv
KSAtIFRleHQgZXhwYW5zaW9ucwoKLSBJIHVzZSB0aGUgYXBwIHRvIFtmdWxs
eSBhdXRvbWF0ZSB3cml0aW5nIHJlcGV0aXRpdmUgdGV4dF0oaHR0cHM6Ly9t
ZWRpdW0uY29tL0BuaWtpdGF2b2xvYm9ldi93cml0ZS1vbmNlLW5ldmVyLXdy
aXRlLWFnYWluLWMyZmExZjZjNGU4KS4KLSBJIHNoYXJlIGFsbCB0aGUgVHlw
aW5hdG9yIHNldHMgSSBtYWRlIHdpdGggdGhlIGFwcCBbaGVyZV0odHlwaW5h
dG9yKS4KCiMjIyMgW0JldHRlclRvdWNoVG9vbF0oaHR0cHM6Ly93d3cuYm9h
c3RyLm5ldC8pIC0gTWFjIGlucHV0IGN1c3RvbWl6ZXIKCi0gSSB1c2UgdGhp
cyBhcHAgYSBsb3QgZm9yIG1hcHBpbmcgW3ZhcmlvdXMgdHJhY2twYWQgZ2Vz
dHVyZXNdKGh0dHBzOi8vbWVkaXVtLmNvbS9AbmlraXRhdm9sb2JvZXYvdGFr
ZS1jb250cm9sLW9mLXlvdXItdG91Y2hwYWQtb24tbWFjb3MtNDVjNTgxZjU0
MmUwIy43bjF5ZTZ2emUpIHRvIGhvdGtleXMgYW5kIGFjdGlvbnMgYm90aCBn
bG9iYWxseSBhbmQgcGVyIHNwZWNpZmljIGFwcHMuCi0gSSBsb3ZlIHNjcm9s
bGluZyB0aHJvdWdoIG15IHRhYnMgaW4gU2FmYXJpIHdpdGggdGhyZWUgZmlu
Z2VyIHN3aXBlcyBsZWZ0IGFuZCByaWdodCBhcyB3ZWxsIGFzIG9wZW5pbmcg
YW5kIGNsb3NpbmcgdGFicyB3aXRoIHN3aXBpbmcgdXAgYW5kIGRvd24gcmVz
cGVjdGl2ZWx5LgotIEkgc2hhcmUgW2FsbCB0aGUgZGlmZmVyZW50IGdlc3R1
cmVzIEkgaGF2ZSBzZXR1cCB0byB1c2Ugd2l0aCB0aGUgYXBwXShidHQjcmVh
ZG1lKSB0aGF0IHlvdSBjYW4gdmlldyBhbmQgZG93bmxvYWQuCi0gSSBhbHNv
IHVzZSB0aGUgYXBwIHRvIG1vZGlmeSBob3cgbXkgVG91Y2hCYXIgbG9va3Mu
CgohW10oaHR0cHM6Ly9pLmltZ3VyLmNvbS9VYm5hM3lMLnBuZykKCiMjIyMg
W1BERiBFeHBlcnRdKGh0dHBzOi8vcGRmZXhwZXJ0LmNvbS8pIC0gUERGIHJl
YWRlci9lZGl0b3IKCi0gSSByZWFkIGEgbG90IG9mIFBERnMgbGlrZSBib29r
cywgcmVzZWFyY2ggcGFwZXJzIGFuZCB0aGUgbGlrZS4gVGhpcyBhcHAgaXMg
YSBodWdlIHVwZ3JhZGUgb3ZlciBQcmV2aWV3IGFwcCB0aGF0IEkgdXNlZCBi
ZWZvcmUuCi0gTXVsdGlwbGUgdGFicywgc2VwaWEgbW9kZSwgdmVyeSBuaWNl
IGFubm90YXRpb24gdG9vbHMsIGdyZWF0IHNlYXJjaCwgcGVyZm9ybWFuY2Uu
CgojIyMjIFtGYW50YXN0aWNhbF0oaHR0cHM6Ly9mbGV4aWJpdHMuY29tL2Zh
bnRhc3RpY2FsKSAtIENhbGVuZGFyCgotIEkgdXNlIHRoZSBhcHAgdG8gbWFu
YWdlIGV2ZW50cyBpbiBteSBsaWZlLgotIEkgdGFrZSBncmVhdCB1c2Ugb2Yg
RmFudGFzdGljYWwncyBuYXR1cmFsIGxhbmd1YWdlIGlucHV0IGFuZCBJIHVz
ZSBbbWFueSBUeXBpbmF0b3IgZXhwYW5zaW9uc10oaHR0cHM6Ly9tZWRpdW0u
Y29tL0BuaWtpdGF2b2xvYm9ldi9mYW50YXN0aWNhbC1uYXR1cmFsLWlucHV0
LXRleHQtZXhwYW5zaW9ucy0zZWE4Y2Y3Y2NhYzMjLnB2NTkzN25jcikgdG8g
ZWFzZSB0aGlzIHByb2Nlc3MuCi0gSSBhbHdheXMgdmlldyBteSBldmVudHMg
ZnJvbSBgV2Vla2Agdmlldy4gQW5kIHNob3cgNSBkYXlzIHdpdGggMTZoIHNo
b3duIGZvciBhbGwgZGF5cy4gVGhpcyBsZXRzIG1lIGhhdmUgYSBwZXJzcGVj
dGl2ZSBvdmVyIHdoYXQgSSBoYXZlIHRvIGRvIG5vdy4gV2hhdCBkZWFkbGlu
ZXMgSSBoYXZlIHRvIGNvbXBsZXRlIHNvb24uIEFuZCBnaXZlcyBtZSB0aGUg
ZnJlZWRvbSB0byBhZGp1c3QgbXkgc2NoZWR1bGUgaW4gbGlnaHQgb2YgdXBj
b21pbmcgZGVhZGxpbmVzIGFuZCBldmVudHMuCgojIyMjIFtDb250ZXh0c10o
aHR0cHM6Ly9jb250ZXh0cy5jbykgLSBXaW5kb3cgc3dpdGNoZXIKCi0gQWxs
b3dzIG1lIHRvIGZ1enp5IHNlYXJjaCB0aHJvdWdoIGFsbCB0aGUgY3VycmVu
dGx5IGFjdGl2ZSB3aW5kb3dzIHRoYXQgSSBoYXZlLgoKIVtdKGh0dHBzOi8v
aS5pbWd1ci5jb20vVmROUmxHTS5wbmcpCgotIE1ha2VzIGp1bXBpbmcgdG8g
dGhlIHJpZ2h0IHdpbmRvdyBJIG5lZWQgZWZmb3J0bGVzcy4gSSBvZnRlbiBt
YXkgaGF2ZSBtYW55IFZTIENvZGUgaW5zdGFuY2VzIHdpdGggZGlmZmVyZW50
IHByb2plY3RzIHJ1bm5pbmcgYW5kIHRoaXMgbGV0cyBtZSBzd2l0Y2ggdG8g
dGhlIHByb2plY3QgSSBuZWVkIGluIHNlY29uZHMuCgojIyMjIFtEaWN0aW9u
YXJ5XSg8aHR0cDovL2VuLndpa2lwZWRpYS5vcmcvd2lraS9EaWN0aW9uYXJ5
Xyhzb2Z0d2FyZSk+KQoKLSBDb21lcyBuYXRpdmVseSB3aXRoIG1hY09TIGFu
ZCBJIHN0YXJ0ZWQgdG8gbG92ZSB1c2luZyBpdCBmb3IgZXhwbG9yaW5nIGFu
ZCBzZWFyY2hpbmcgdGhyb3VnaCBXaWtpcGVkaWEuCi0gSXQgaXMgaW5jcmVk
aWJseSBmYXN0IHRvIG1ha2UgdGhlIHNlYXJjaGVzIGFuZCBpdCBnaXZlcyBx
dWljayBhdXRvc3VnZ2VzdGlvbnMgZm9yIGFueSBxdWVyeSBJIHR5cGUgdGhh
dCBJIGNhbiB0aGVuIHNlbGVjdCB3aXRoIHVwIGFuZCBkb3duIGFycm93cy4K
CiFbXShodHRwczovL2kuaW1ndXIuY29tL05qNGVydjUucG5nKQoKIyMjIyBb
QmFydGVuZGVyXShodHRwczovL3d3dy5tYWNiYXJ0ZW5kZXIuY29tLykgLSBN
ZW51IGJhciBvcmdhbml6ZXIKCi0gQWxsb3dzIHlvdSB0byBjdXN0b21pemUg
YW5kIGhpZGUgdGhlIGNvbnRlbnRzIG9mIHlvdXIgbWVudSBiYXIgYW5kIGlt
cHJvdmUgdGhlIGFlc3RoZXRpY3Mgb2YgeW91ciBPUy4gSGVyZSBpcyBob3cg
bWluZSBsb29rczoKCjxpbWcgc3JjPSJodHRwczovL2kuaW1ndXIuY29tLzBz
cFJOZkYucG5nIiB3aWR0aD0iNTAwIiBhbHQ9ImltZyI+CgotIE15IG1lbnUg
YmFyIGlzIGFsd2F5cyBoaWRkZW4gc28gSSByYXJlbHkgZXZlciB1c2UgaXQg
YW5kIEkgc2hvdyBtb3N0IG5lZWRlZCBpbmZvIG9uIHRoZSBbVG91Y2hCYXJd
KGJ0dCNyZWFkbWUpIGluc3RlYWQuCgojIyMjIFtGb2N1c10oaHR0cHM6Ly9o
ZXlmb2N1cy5jb20pIC0gQmxvY2sgZGlzdHJhY3Rpbmcgd2Vic2l0ZXMKCi0g
SSB1c2UgW0ZvY3VzIGFwcF0oaHR0cHM6Ly9oZXlmb2N1cy5jb20pIGFzIGEg
cmVjdXJyaW5nIFtwb21vZG9ybyB0aW1lcl0oaHR0cHM6Ly9lbi53aWtpcGVk
aWEub3JnL3dpa2kvUG9tb2Rvcm9fVGVjaG5pcXVlKSB3aGljaCBsZXRzIG1l
IHdvcmsgaW4gc2Vzc2lvbnMgb2YgODAgbWludXRlcyB3aXRoIDEwIG1pbiBi
cmVha3MgYnkgYmxvY2tpbmcgW2Rpc3RyYWN0aW5nIHdlYnNpdGVzXShodHRw
czovL2dpc3QuZ2l0aHViLmNvbS9uaWtpdGF2b2xvYm9ldi81NzM0MDUyOGE2
ZGZiM2ViNDk4ZGNlNjQ3ZWQ2ODQxZikgYW5kIGFwcHMuCgo8aW1nIHNyYz0i
aHR0cHM6Ly9pLmltZ3VyLmNvbS9IN1RNcWdTLnBuZyIgd2lkdGg9IjUwMCIg
YWx0PSJpbWciPgoKPGltZyBzcmM9Imh0dHBzOi8vaS5pbWd1ci5jb20vNWxM
Z1BhVS5wbmciIHdpZHRoPSI1MDAiIGFsdD0iaW1nIj4KCi0gSWYgSSBnbyB0
byBhbnkgb2YgbXkgYmxvY2tlZCB3ZWJzaXRlcyBkdXJpbmcgbXkgYEZvY3Vz
YCB0aW1lLCBJIGFtIGdyZWV0ZWQgd2l0aCB0aGlzIG1lc3NhZ2UuCgo8aW1n
IHNyYz0iaHR0cHM6Ly9pLmltZ3VyLmNvbS9KTUw0eXdoLnBuZyIgd2lkdGg9
IjUwMCIgYWx0PSJpbWciPgoKIyMjIyBbQW5ub3RhdGVdKGh0dHBzOi8vaXR1
bmVzLmFwcGxlLmNvbS91cy9hcHAvYW5ub3RhdGUtY2FwdHVyZS1zY3JlZW5z
aG90L2lkOTE4MjA3NDQ3P210PTEyKSAtIENyZWF0ZSBhbmQgYW5ub3RhdGUg
c2NyZWVuc2hvdHMKCi0gQmVzdCBhbm5vdGF0aW9uIHRvb2wgSSBmb3VuZCB0
byBleGlzdC4gQWZ0ZXIgeW91IG1ha2UgYSBzY3JlZW5zaG90LCBpdCBhbGxv
d3MgZm9yIHF1aWNrIGVkaXRzLiBBZGRpbmcgYXJyb3dzLCBzb21lIHRleHQs
IGJsdXJyaW5nIHBhcnRzIG9mIHRoZSBpbWFnZSBhcyB3ZWxsIGFzIGFiaWxp
dHkgdG8gcXVpY2tseSBzYXZlIHRoZSBpbWFnZSBvciBkcmFnIGl0IHRvIERy
b3B6b25lIHRvIHVwbG9hZCB0byBJbWd1ciB0byBzaGFyZSB0aGUgbGluayBx
dWlja2x5IHdpdGggYW55b25lIEkgd2FudC4KCiMjIyMgW1BvcGNsaXBdKGh0
dHBzOi8vcGlsb3Rtb29uLmNvbS9wb3BjbGlwLykgLSBpT1MgbGlrZSBtb3Vz
ZSB0ZXh0IHNlbGVjdGlvbiBwb3BvdmVyCgotIEFub3RoZXIgZ3JlYXQgdXRp
bGl0eSBJIGNhbm5vdCBsaXZlIHdpdGhvdXQsIGJyaW5ncyB1cCBhIHF1aWNr
IG1lbnUgd2hlbmV2ZXIgc29tZSB0ZXh0IGlzIHNlbGVjdGVkIG9uIHdoaWNo
IEkgY2FuIGRvIGEgbnVtYmVyIG9mIHF1aWNrIGFjdGlvbnMsIGxpa2Ugc2Vh
cmNoaW5nIG9uIEdvb2dsZSwgRHVja0R1Y2tHbywgWW91VHViZSwgRGljdGlv
bmFyeSwgUmVkZGl0LCBHb29nbGUgSW1hZ2VzIG9yIGl0IGNhbiB0cmFuc2xh
dGUgdGV4dCBzZWxlY3RlZCwgY29weSBpdCBvciBldmVuIG1ha2UgYSBTbmlw
cGV0c0xhYiBzbmlwcGV0IGZyb20gaXQuIEhlcmUgaXMgaG93IGl0IGxvb2tz
IGZvciBtZToKCjxpbWcgc3JjPSJodHRwczovL2kuaW1ndXIuY29tL0RabVYx
MGoucG5nIiB3aWR0aD0iNDAwIiBhbHQ9ImltZyI+CgotIEkgc2hhcmUgYWxs
IHRoZSBleHRlbnNpb25zIEkgdXNlIHdpdGggaXQgW2hlcmVdKHBvcGNsaXAj
cmVhZG1lLm1kKS4KCiMjIyMgW05vaXppb10oaHR0cDovL25vaXouaW8vKSAt
IEFtYmllbnQgc291bmRzCgotIEkgdXNlIGl0IHRvIHBsYXkgc291bmRzIG9m
IHJhaW4gd2hlbiBmb2N1c2luZy4KCiMjIyMgW0hhbW1lcnNwb29uXShodHRw
Oi8vd3d3LmhhbW1lcnNwb29uLm9yZykgLSBBdXRvbWF0aW9uIHRvb2wKCi0g
UG93ZXJmdWwgYXV0b21hdGlvbiBlbmdpbmUgSSBhbSBbc3RpbGwgZXhwbG9y
aW5nXShodHRwczovL2dpdGh1Yi5jb20vbmlraXRhdm9sb2JvZXYvZG90Zmls
ZXMvYmxvYi9tYXN0ZXIvaGFtbWVyc3Bvb24vKS4KCiMjIyMgW1JlZWRlcl0o
aHR0cDovL3JlZWRlcmFwcC5jb20vbWFjLykgLSBSU1MgUmVlZGVyCgotIFRo
ZSBhcHAgSSB1c2UgdG8ga2VlcCB1cCB3aXRoIG15IFJTUyBmZWVkcy4gSSB1
c2UgUlNTIHRvIGZvbGxvdyBteSBmYXZvcml0ZSBibG9ncywgc3RheSB1cCB0
byBkYXRlIG9uIG5ldyBwb2RjYXN0IGVwaXNvZGVzIGFuZCBldmVuIHRyYWNr
IHNvbWUgc29mdHdhcmUgcmVsZWFzZXMuCi0gSSB1c2UgW0lub3JlYWRlcl0o
aHR0cHM6Ly93d3cuaW5vcmVhZGVyLmNvbSkgdG8gc3luYyBbYmxvZ3MgSSBm
b2xsb3ddKGh0dHBzOi8vd2lraS5uaWtpdGF2b2xvYm9ldi54eXovcmVzZWFy
Y2gvYmxvZ3MpIGJldHdlZW4gcGhvbmUgYW5kIG1hYy4KLSBIZXJlIGlzIGhv
dyBSZWVkZXIgbG9va3MgbGlrZSBmb3IgbWU6CgohW10oaHR0cHM6Ly9pLmlt
Z3VyLmNvbS8yUnVhZDlHLnBuZykKCiMjIyMgW0Ryb3B6b25lXShodHRwczov
L2FwdG9uaWMuY29tKSAtIERyYWcgYW5kIGRyb3AgYWN0aW9ucwoKLSBBIHF1
aWNrIHV0aWxpdHkgdGhhdCBwb3BzIHVwIHdoZW4gSSBkcmFnIHNvbWUgZmls
ZSBpbnRvIGl0IG9yIG9wZW4gaXQgd2l0aCBhIGhvdGtleS4gSSB1c2UgaXRz
IFthY3Rpb25zXShodHRwczovL2F0aWthLmdpdGh1Yi5pby9kcm9wem9uZTMt
YWN0aW9ucy8pIHRvIFt1cGxvYWQgaW1hZ2VzIHRvIEltZ3VyXShodHRwczov
L3d3dy5kcm9wYm94LmNvbS9zaC95aDc4am1qdzhyYTQzcWIvQUFBRkowYmEx
V1JrTlk0NUZEallQTDAwYT9kbD0xKSwgW3VwbG9hZCB2aWRlb3MgdG8gWW91
VHViZV0oaHR0cHM6Ly9hdGlrYS5naXRodWIuaW8vZHJvcHpvbmUzLWFjdGlv
bnMveW91dHViZS11cGxvYWRlci1hcHRvbmljLXNvZnR3YXJlLWFjdGlvbi5o
dG1sKSAmIFtzZWFyY2hpbmcgaW1hZ2VzIHdpdGggR29vZ2xlXShodHRwczov
L2F0aWthLmdpdGh1Yi5pby9kcm9wem9uZTMtYWN0aW9ucy9pbWFnZS1zZWFy
Y2gtYXB0b25pYy1zb2Z0d2FyZS1hY3Rpb24uaHRtbCkuIEkgYWxzbyB1c2Ug
aXQgdG8gZHJvcCBmaWxlcyBpbnRvIGEgcHJlc2V0IG51bWJlciBvZiBjb21t
b24gZm9sZGVycy4KCjxpbWcgc3JjPSJodHRwczovL2kuaW1ndXIuY29tLzVJ
bnhNckUucG5nIiB3aWR0aD0iMzAwIiBhbHQ9ImltZyI+CgojIyMjIFtMaXR0
bGUgU25pdGNoXShodHRwczovL3d3dy5vYmRldi5hdC9wcm9kdWN0cy9saXR0
bGVzbml0Y2gvaW5kZXguaHRtbCkgLSBDb250cm9sIGluY29taW5nL291dGdv
aW5nIG5ldHdvcmsgdHJhZmZpYwoKLSBBbWF6aW5nIG5ldHdvcmtpbmcgdG9v
bCB0aGF0IGdpdmVzIHlvdSBhIGNsZWFyIHBpY3R1cmUgb2Ygd2hhdCBjb25u
ZWN0aW9ucyBhcmUgaW5jb21pbmcgdG8geW91ciBjb21wdXRlciBhbmQgd2hh
dCBhcmUgb3V0Z29pbmcuCi0gVGFrZXMgYSBiaXQgb2YgdGltZSB0byBzZXQg
aXQgdXAgY29ycmVjdGx5IGFuZCBpcyBxdWl0ZSBhbiBpbnNpZ2h0ZnVsIGV4
cGVyaWVuY2UgZmlyc3QgdHVybmluZyBpdCBvbiBhbmQgaGF2aW5nIGl0IG5v
dGlmeSBldmVyeSBjb3VwbGUgb2Ygc2Vjb25kcyB0aGF0IHNvbWUgYXBwIGlz
IHRyeWluZyB0byBzZW5kIGRhdGEgdG8gc29tZSBzZXJ2ZXIgYW5kIHdoZXRo
ZXIgeW91IHdhbnQgdG8gYWxsb3cgdGhhdC4KLSBUaGlzIGlzIGVzc2VudGlh
bCBpZiB5b3Ugd2FudCB0byB0YWtlIGNvbnRyb2wgb2Ygd2hhdCBpbmZvcm1h
dGlvbiBnZXRzIHNlbnQgb3V0IGZyb20geW91ciBjb21wdXRlciBhbmQgd2hh
dCBjb25uZWN0aW9ucyBoYXZlIHRoZSByaWdodCB0byBjb25uZWN0IHRvIHlv
dXIgZGF0YS4KCiMjIyMgW0JlYXJkZWRTcGljZV0oaHR0cHM6Ly9naXRodWIu
Y29tL2JlYXJkZWRzcGljZS9iZWFyZGVkc3BpY2UpIC0gRXh0ZW5kIE1hYyBN
ZWRpYSBLZXlzCgotIEVuaGFuY2UgcGxheS9wYXVzZSBhcyB3ZWxsIGFzIHBy
ZXZpb3VzL25leHQgcGxheWJhY2sga2V5cyB0byBub3Qgb25seSB3b3JrIGlu
IGlUdW5lcyBhbmQgU3BvdGlmeSBidXQgd29yayBmb3IgU291bmRDbG91ZCwg
WW91VHViZSBhbmQgbWFueSBvdGhlciBzZXJ2aWNlcy4KCiMjIyMgW1RyYW5z
bWlzc2lvbl0oaHR0cHM6Ly93d3cudHJhbnNtaXNzaW9uYnQuY29tLykgLSBC
aXRUb3JyZW50IGNsaWVudAoKLSBBIHRvcnJlbnQgY2xpZW50IHRoYXQgSSB1
c2UuIFZlcnkgbWluaW1hbCBpbiBpdHMgVUkgYnV0IHZlcnkgcG93ZXJmdWwg
YW5kIGhhcyBhbGwgdGhlIGZlYXR1cmVzIHRoYXQgSSBuZWVkLgoKIyMjIyBb
UGFwcmlrYSBSZWNpcGUgTWFuYWdlcl0oaHR0cHM6Ly9pdHVuZXMuYXBwbGUu
Y29tL3VzL2FwcC9wYXByaWthLXJlY2lwZS1tYW5hZ2VyLTMvaWQxMzAzMjIy
NjI4P2xzPTEmbXQ9MTIpCgotIFVzZSB0aGUgYXBwIHRvIHN0b3JlIHRoZSBt
YW55IFt2ZWdhbiByZWNpcGVzXShodHRwczovL3dpa2kubmlraXRhdm9sb2Jv
ZXYueHl6L2hlYWx0aC9udXRyaXRpb24vcmVjaXBlcykgSSBsaWtlIHRvIG1h
a2UuCgojIyMgQ29kZQoKIyMjIyBbVlMgQ29kZV0oaHR0cHM6Ly9naXRodWIu
Y29tL01pY3Jvc29mdC92c2NvZGUpIC0gQ29kZSBlZGl0b3IKCi0gTXkgZmF2
b3JpdGUgZWRpdG9yIHRoYXQgSSB1c2UgdG8gd3JpdGUgY29kZSBpbi4gSSB1
c2UgW21hbnkgZXh0ZW5zaW9uc10oaHR0cHM6Ly93aWtpLm5pa2l0YXZvbG9i
b2V2Lnh5ei90ZXh0LWVkaXRvcnMvdnMtY29kZS92cy1jb2RlLWV4dGVuc2lv
bnMpIGZvciBpdC4KLSBNeSBjb25maWcgZm9yIGl0IGNhbiBiZSBmb3VuZCBb
aGVyZV0oaHR0cHM6Ly9naXRodWIuY29tL25pa2l0YXZvbG9ib2V2L2RvdGZp
bGVzL2Jsb2IvbWFzdGVyL3ZzY29kZS9zZXR0aW5ncy5qc29uKS4KLSBJIHVz
ZSBWUyBDb2RlIFtNb25va2FpIE5pZ2h0XShodHRwczovL2dpdGh1Yi5jb20v
ZmFiaW9zcGFtcGluYXRvL3ZzY29kZS1tb25va2FpLW5pZ2h0I3JlYWRtZSkg
dGhlbWUgd2l0aCBbRmlyYSBDb2RlXShodHRwczovL2dpdGh1Yi5jb20vdG9u
c2t5L0ZpcmFDb2RlKSBmb250LiBIZXJlIGlzIGhvdyBpdCBsb29rczoKCiFb
XShodHRwczovL2kuaW1ndXIuY29tL2hPZ1NRN0YucG5nKQoKIyMjIyBbaVRl
cm1dKGh0dHBzOi8vd3d3Lml0ZXJtMi5jb20vKSAtIFRlcm1pbmFsIEVtdWxh
dG9yCgotIFVzZSBac2ggYXMgbXkgc2hlbGwgdG9nZXRoZXIgd2l0aCBbQW50
aWJvZHldKGh0dHBzOi8vZ2l0aHViLmNvbS9nZXRhbnRpYm9keS9hbnRpYm9k
eSkgdG8gaW5zdGFsbCBbWnNoIHBsdWdpbnMgSSB1c2VdKGh0dHBzOi8vd2lr
aS5uaWtpdGF2b2xvYm9ldi54eXovdW5peC9zaGVsbC96c2gvenNoLXBsdWdp
bnMpLgotIEFzc2lnbmVkIHcgKyBqIHdpdGggW0thcmFiaW5lcl0oaHR0cHM6
Ly93aWtpLm5pa2l0YXZvbG9ib2V2Lnh5ei9tYWNvcy9tYWNvcy1hcHBzL2th
cmFiaW5lcikgdG8gb3BlbiB0aGUgYXBwIGZyb20gS2V5Ym9hcmQgTWFlc3Ry
byBpbiBzZWNvbmRzLgotIEkgbWFkZSBteSBvd24gW01vbm9rYWkgTmlnaHQg
dGhlbWVdKGl0ZXJtI3JlYWRtZSkgZm9yIGl0LgoKPGltZyBzcmM9Imh0dHBz
Oi8vaS5pbWd1ci5jb20vSXREVUY5OC5wbmciIHdpZHRoPSI1MDAiIGFsdD0i
aW1nIj4KCi0gSSBhbHNvIGxvdmUgdXNpbmcgW3RoaXMgd29ya2Zsb3ddKGh0
dHBzOi8vZ2l0aHViLmNvbS9pc29tZXRyeS9hbGZyZWQtdHR5KSB0byBxdWlj
a2x5IHN3aXRjaCBiZXR3ZWVuIGFjdGl2ZSB0dHkgc2Vzc2lvbnMuCgo8aW1n
IHNyYz0iaHR0cHM6Ly9pLmltZ3VyLmNvbS9rZG8weDhZLnBuZyIgd2lkdGg9
IjUwMCIgYWx0PSJpbWciPgoKLSBJIGdvIG92ZXIgaG93IEkgdXNlIHRoZSBh
cHAgW2hlcmVdKGh0dHBzOi8vd2lraS5uaWtpdGF2b2xvYm9ldi54eXovbWFj
T1MvYXBwcy9pdGVybSkuCgojIyMjIFtTdWJsaW1lIFRleHRdKGh0dHBzOi8v
d3d3LnN1YmxpbWV0ZXh0LmNvbSkgLSBUZXh0IEVkaXRvcgoKLSBVc2UgdGhp
cyBlZGl0b3IgaW4gYWRkaXRpb24gdG8gVlMgQ29kZSBhbmQgTmVvdmltIGZv
ciBpdHMgYmxhemluZyBmYXN0IHNwZWVkIG9mIG9wZW5pbmcgZmlsZXMuCi0g
SSB1c2UgaXQgcHJpbWFyaWx5IHRvIGVkaXQgbWFya2Rvd24gZmlsZXMgbGlr
ZSBbbXkgd2lraV0oaHR0cHM6Ly93aWtpLm5pa2l0YXZvbG9ib2V2Lnh5ei9v
dGhlci93aWtpLXdvcmtmbG93KS4gSSBhbHNvIGVkaXQgY29uZmlnIGZpbGVz
IGFuZCBvcGVuIGxhcmdlIGFuZCBzbWFsbCBmaWxlcyBmb3IgcXVpY2sgZWRp
dHMuCi0gSSB1c2UgW21hbnkgcGx1Z2luc10oaHR0cHM6Ly93aWtpLm5pa2l0
YXZvbG9ib2V2Lnh5ei90ZXh0LWVkaXRvcnMvc3VibGltZS10ZXh0L3N1Ymxp
bWUtdGV4dC1wbHVnaW5zKSB0b2dldGhlciB3aXRoIFtBeXUgdGhlbWVdKGh0
dHBzOi8vZ2l0aHViLmNvbS9kZW1wZmkvYXl1KS4KCiMjIyMgW0Rhc2hdKGh0
dHBzOi8va2FwZWxpLmNvbS9kYXNoKSAtIEFQSSBEb2N1bWVudGF0aW9uIEJy
b3dzZXIKCi0gQWxsb3dzIHlvdSB0byBkb3dubG9hZCBhbnkgZG9jc2V0IHRo
YXQgeW91IG1pZ2h0IHdhbnQgdG8gdXNlLCBzZWFyY2ggZm9yIGFueSBtZXRo
b2QsIGNsYXNzIG9yIGFueXRoaW5nIHRoYXQgeW91IG5lZWQgdmVyeSBxdWlj
a2x5LCBjb21lcyB3aXRoIHRoZSBhbWF6aW5nIFtBbGZyZWQgd29ya2Zsb3dd
KGh0dHBzOi8vd3d3LmFsZnJlZGFwcC5jb20vYmxvZy9wcm9kdWN0aXZpdHkv
ZGFzaC1xdWlja2VyLWFwaS1kb2N1bWVudGF0aW9uLXNlYXJjaC8pIHRvIHNp
bXBsaWZ5IHRoZSBwcm9jZXNzIG9mIHNlYXJjaGluZyBmb3IgdGhlIHJpZ2h0
IHRoaW5ncy4KCjxpbWcgc3JjPSJodHRwczovL2kuaW1ndXIuY29tL2RJdG5C
NTIucG5nIiB3aWR0aD0iNTAwIiBhbHQ9ImltZyI+CgotIEkgYWxzbyB1c2Ug
W3RoaXMgd29ya2Zsb3ddKGh0dHBzOi8vZ2l0aHViLmNvbS9uaWtpdGF2b2xv
Ym9ldi9zbWFsbC13b3JrZmxvd3MvdHJlZS9tYXN0ZXIvZGFzaC1wcm9maWxl
LXN3aXRjaCNyZWFkbWUpIEkgbWFkZSB0byBxdWlja2x5IHN3aXRjaCBiZXR3
ZWVuIERhc2ggcHJvZmlsZXMuCgo8aW1nIHNyYz0iaHR0cHM6Ly9pLmltZ3Vy
LmNvbS9nQ3o0czl6LnBuZyIgd2lkdGg9IjUwMCIgYWx0PSJpbWciPgoKIyMj
IyBbU25pcHBldHNMYWJdKGh0dHBzOi8vd3d3LnJlbmZlaS5vcmcvc25pcHBl
dHMtbGFiLykgLSBTbmlwcGV0IG1hbmFnZXIKCi0gSSB1c2UgdGhlIGFwcCB0
byBtYW5hZ2UgbXkgb3duIHBlcnNvbmFsIGxpYnJhcnkgb2Ygc25pcHBldHMu
IEkgcHJlZml4IGFsbCBzbmlwcGV0cyBJIG1ha2UuIEZvciBleGFtcGxlIHZp
bSBzbmlwcGV0cyBhcmUgcHJlZml4ZWQgd2l0aCBgdmltOmAuIEdpdCByZWxh
dGVkIHNuaXBwZXRzIHdpdGggYGdpdDpgIGFuZCBzbyBvbi4KLSBUaGUgYXBw
IGFsc28gcHJvdmlkZXMgYW4gYXdlc29tZSBBc3Npc3RhbnQgdG8gcXVpY2ts
eSBzZWFyY2ggdGhyb3VnaCB0aGUgc25pcHBldCBkYXRhYmFzZToKCiFbXSho
dHRwczovL2kuaW1ndXIuY29tL2F4Mk5aNXEucG5nKQoKSGVyZSBpcyBob3cg
bXkgbGlicmFyeSBsb29rczoKCiFbXShodHRwczovL2kuaW1ndXIuY29tLzRJ
c3RWNXYucG5nKQoKLSBJIHNoYXJlIG15IGVudGlyZSBsaWJyYXJ5IG9mIHNu
aXBwZXRzIGFzIFtHaXRIdWIgR2lzdHNdKGh0dHBzOi8vd2lraS5uaWtpdGF2
b2xvYm9ldi54eXovc2hhcmluZy9teS1naXN0cykuCgojIyMjIFtUb3dlcl0o
aHR0cHM6Ly93d3cuZ2l0LXRvd2VyLmNvbSkgLSBHaXQgY2xpZW50CgotIFVz
ZSB0aGUgYXBwIHRvIGhlbHAgbWUgdmVyc2lvbiBjb250cm9sIGFueSBwcm9q
ZWN0IEkgYW0gd29ya2luZyBvbi4gTG92ZSB0aGUgYWJpbGl0eSB0byBzZWFy
Y2ggdGhyb3VnaCBjb21taXRzLCBjaGVjayBvdXQgYnJhbmNoZXMgd2l0aCBl
YXNlIGFuZCBzZWFyY2hpbmcgdGhyb3VnaCBhbGwgdGhlIEdpdCByZXBvc2l0
b3JpZXMgSSBoYXZlIG9uIG15IG1hYyB3aXRoIHF1aWNrIHNlYXJjaC4KCiFb
XShodHRwczovL2kuaW1ndXIuY29tL2Z3Q0RvS1IucG5nKQoKIyMjIyBbUGF3
XShodHRwczovL3Bhdy5jbG91ZCkgLSBIVFRQIGNsaWVudAoKLSBVc2UgdGhl
IHRvb2wgdG8gcXVpY2tseSBtYWtlIEhUVFAgcmVxdWVzdHMgYW5kIHRlc3Qg
b3V0IEFQSSBlbmRwb2ludHMuCgojIyMjIFtOZW92aW1dKGh0dHBzOi8vbmVv
dmltLmlvKSAtIFRleHQgRWRpdG9yCgotIFRoZSBiZXN0IHRleHQgZWRpdGlu
ZyBleHBlcmllbmNlIHlvdSB3aWxsIGV2ZXIgZ2V0LiBJdCBpcyB3b3J0aCBs
ZWFybmluZyBpdCBhcyB5b3Ugd2lsbCBzdGFydCB0aGlua2luZyBhYm91dCB0
ZXh0IGVkaXRpbmcgZGlmZmVyZW50bHkuCi0gSSB1c2Ugc29tZSBraW5kIG9m
IHZpbSBiaW5kaW5ncyBpbiBhbnkgYXBwIEkgdXNlIGFuZCBpZiB0aGVyZSBp
cyBhIHZpbSBwbHVnaW4gZm9yIHRoZSBhcHAsIEkgb2Z0ZW4gdXNlIGl0LiBJ
IHVzZSBbdmltIGVkaXRvcl0oaHR0cHM6Ly93aWtpLm5pa2l0YXZvbG9ib2V2
Lnh5ei90ZXh0LWVkaXRvcnMvdmltL3ZpbSkgb2Z0ZW4gd2hlbiBjb25uZWN0
aW5nIHRvIHJlbW90ZSBzZXNzaW9ucyBhbmQgd2hlbiBJIG5lZWQgYSBjb25z
b2xlIGVkaXRvci4KLSBNeSBbTmVvdmltXShodHRwczovL2dpdGh1Yi5jb20v
bmVvdmltL25lb3ZpbSkgY29uZmlnIGNhbiBiZSBzZWVuIFtoZXJlXShodHRw
czovL2dpdGh1Yi5jb20vbmlraXRhdm9sb2JvZXYvZG90ZmlsZXMvYmxvYi9t
YXN0ZXIvbnZpbS9pbml0LnZpbSkuIEkgdXNlIFtNb25va2FpIE5pZ2h0IHRo
ZW1lXShodHRwczovL2dpdGh1Yi5jb20vbmlraXRhdm9sb2JvZXYvdmltLW1v
bm9rYWktbmlnaHQjcmVhZG1lKSB3aXRoIFttYW55IHBsdWdpbnNdKGh0dHBz
Oi8vd2lraS5uaWtpdGF2b2xvYm9ldi54eXovdGV4dC1lZGl0b3JzL3ZpbS92
aW0tcGx1Z2lucykuIEhlcmUgaXMgaG93IGl0IGxvb2tzOgoKIVtdKGh0dHBz
Oi8vaS5pbWd1ci5jb20vc0xYQnZ2Ny5wbmcpCgojIyMgU29jaWFsCgojIyMj
IFtUZXh0dWFsXShodHRwczovL3d3dy5jb2RldXguY29tL3RleHR1YWwvKSAt
IElSQyBDbGllbnQKCi0gSSBsb3ZlIElSQyBhbmQgdGhpcyBpcyB0aGUgYmVz
dCBtYWNPUyBjbGllbnQgZm9yIGl0LgotIEkgY3JlYXRlZCBteSBvd24gW01v
bm9rYWkgTmlnaHQgdGhlbWVdKHRleHR1YWwjcmVhZG1lKSBmb3IgaXQgdGhh
dCBJIGxvdmUuCgohW10oaHR0cHM6Ly9pLmltZ3VyLmNvbS9McG96azhYLnBu
ZykKCi0gVGhlIGFwcCBhbHNvIGhhcyBhbiBhd2Vzb21lIGNoYW5uZWwgc2Vh
cmNoIGZlYXR1cmUgdGhhdCBJIHVzZSBhIGxvdC4KCjxpbWcgc3JjPSJodHRw
czovL2kuaW1ndXIuY29tL0NNQlc4UWYucG5nIiB3aWR0aD0iNTAwIiBhbHQ9
ImltZyI+CgojIyMjIFtUZWxlZ3JhbV0oaHR0cHM6Ly9kZXNrdG9wLnRlbGVn
cmFtLm9yZy8pIC0gTWVzc2VuZ2VyCgotIFRoZSBhcHAgaGFzIGEgdmVyeSBj
bGVhbiBpbnRlcmZhY2UsIGEgbmF0aXZlIGNsaWVudCBmb3IgbWFjT1MgYW5k
IHN0aWNrZXJzLiBDaGF0cyBhcmUgbm90IGVuY3J5cHRlZCBieSBkZWZhdWx0
IGFuZCBkb24ndCB1c2UgW2FwcHJvdmVkIGNyeXB0b2dyYXBoeV0oaHR0cHM6
Ly9zZWN1cml0eS5zdGFja2V4Y2hhbmdlLmNvbS9xdWVzdGlvbnMvNDk3ODIv
aXMtdGVsZWdyYW0tc2VjdXJlKSBidXQgdGhlIGNsaWVudCBpcyBhbWF6aW5n
IGFuZCBmYXN0LgoKIyMjIyBbU3BhcmtdKGh0dHBzOi8vc3BhcmttYWlsYXBw
LmNvbSkgLSBFbWFpbCBjbGllbnQKCi0gTG92ZSBob3cgaXQgc21hcnRseSBj
YXRlZ29yaXplcyBlbWFpbHMgYnkgY2F0ZWdvcmllcy4KLSBJIGFwcHJvYWNo
IGFsbCBvZiBteSBlbWFpbCB0YXNrcyBpbiBHVEQgc3R5bGUuIEtlZXBpbmcg
bXkgZW1haWwgSW5ib3ggY2xvc2UgdG8gMCBhdCBhbGwgdGltZXMuCgojIyMj
IFtUd2VldGJvdF0oaHR0cDovL3RhcGJvdHMuY29tL3R3ZWV0Ym90L21hYy8p
IC0gVHdpdHRlciBjbGllbnQKCi0gSSB1c2UgdGhlIGFwcCB0byBzdGF5IHVw
IHRvIGRhdGUgYW5kIGNvbW11bmljYXRlIG9uIFR3aXR0ZXIuCi0gVHdlZXRi
b3QgaXMgYWxzbyBibG9ja2VkIGZvciBtZSBkdXJpbmcgbXkgW0ZvY3VzIHRp
bWVdKGh0dHBzOi8vd2lraS5uaWtpdGF2b2xvYm9ldi54eXovZm9jdXNpbmcp
LiBJIGNhbiBvbmx5IHBvc3QgdHdlZXRzIGJ1dCBJIGNhbid0IHZpc2l0IHRo
ZSBhcHAgdG8gc2VlIG15IGZlZWRzLgotIEkgaGF2ZSBUd2VldGJvdCBvcGVu
IGluIGZ1bGwgc2NyZWVuIHdpdGggdHdvIGNvbHVtbnMgKE1lbnRpb25zIG9y
IFtPdGhlcl0oaHR0cHM6Ly90d2l0dGVyLmNvbS9uaWtpdGF2b2xvYm9ldi9s
aXN0cy9saXN0KSAmIFtUaW1lbGluZV0oaHR0cHM6Ly90d2l0dGVyLmNvbS9u
aWtpdGF2b2xvYm9ldi9mb2xsb3dpbmcpKS4gSGVyZSBpcyBob3cgdGhhdCBs
b29rcyBmb3IgbWU6CgohW10oaHR0cHM6Ly9pLmltZ3VyLmNvbS91TW9HZkd4
LnBuZykKCiMjIyBXcml0aW5nCgojIyMjIFtEYXkgT25lXShodHRwOi8vZGF5
b25lYXBwLmNvbS8pIC0gRGlnaXRhbCBqb3VybmFsCgotIERheSBPbmUgaXMg
bXkgZGlnaXRhbCBsaWZlIGpvdXJuYWwuCi0gTXkgZW50aXJlIGxpZmUncyBl
eHBlcmllbmNlcyBsaXZlcyBlbmNyeXB0ZWQgaW4gdGhlIGpvdXJuYWwuIEFk
ZGluZyBwaG90b2dyYXBocyBJIG1hZGUsIHRoZSB0aG91Z2h0cyBJIGhhZCBh
bmQgZXZlbnRzIHRoYXQgaGFwcGVuZWQgdG8gbWUuCi0gSSBkb2N1bWVudCBh
bmQgcmV2aWV3IFtteSBsaWZlXShodHRwczovL3dpa2kubmlraXRhdm9sb2Jv
ZXYueHl6L2xvb2tpbmctYmFjaykgcHVibGljbHkgdG9vLgotIFRoZSBhcHAg
aGFzIGludGVncmF0aW9uIHdpdGggW0lGVFRUXShodHRwczovL2lmdHR0LmNv
bS9kYXlfb25lKSB3aGljaCBJIHVzZSB0byBhdXRvbWF0aWNhbGx5IGxvZyBh
bGwgW215IHR3ZWV0c10oaHR0cHM6Ly90d2l0dGVyLmNvbS9uaWtpdGF2b2xv
Ym9ldikgYW5kIFtJbnN0YWdyYW0gcG9zdHNdKGh0dHBzOi8vaW5zdGFncmFt
LmNvbS9uaWtpdGF2b2xvYm9ldikuCi0gSWYgeW91IGRvbid0IGpvdXJuYWws
IEkgc3VnZ2VzdCB5b3UgdG8gc3RhcnQsIGl0IGlzIGEgdmVyeSBwb3dlcmZ1
bCBtaW5kIGNsZWFuc2VyIGFuZCBhY3RzIGFzIGEgd29uZGVyZnVsIGhpc3Rv
cnkgcmVjb3JkIG9mIHlvdXIgbGlmZS4KCiMjIyMgW01hcmtlZF0oaHR0cDov
L21hcmtlZDJhcHAuY29tKSAtIFByZXZpZXcgcmVuZGVyZWQgbWFya2Rvd24g
ZmlsZXMKCi0gSWYgSSBldmVyIG5lZWQgdG8gcHJldmlldyBhIHJlYWRtZSBv
ciBhbnkgb3RoZXIgbWFya2Rvd24gZmlsZSB0aGF0IEkgd3JvdGUgb3IganVz
dCB3YW50IHRvIHJlYWQsIHRoaXMgYXBwIGlzIHRoZSBiZXN0IGFwcGxpY2F0
aW9uIGZvciB0aGF0IEkgZm91bmQuIEl0IGFsc28gZmVhdHVyZXMgbGl2ZSB1
cGRhdGluZyBhbmQgcXVpdGUgYSBsb3Qgb2YgY3VzdG9taXphYmxlIGZlYXR1
cmVzLgoKIyMjIERlc2lnbgoKIyMjIyBbU2tldGNoXShodHRwczovL3d3dy5z
a2V0Y2hhcHAuY29tLykgLSBEZXNpZ24gdG9vbAoKLSBVc2UgdGhlIGFwcCB0
byBxdWlja2x5IHByb3RvdHlwZSBuZXcgZGVzaWducy4gSSBhbHNvIGVuam95
IHVzaW5nIFtGaWdtYV0oaHR0cHM6Ly93d3cuZmlnbWEuY29tKSBhIGxvdC4K
CiMjIyMgW1NpcF0oaHR0cHM6Ly9zaXBhcHAuaW8vKSAtIENvbGxlY3QsIG9y
Z2FuaXplICYgc2hhcmUgY29sb3JzCgotIEEgZ3JlYXQgY29sb3IgcGlja2Vy
IEkgdXNlIHRvIGNvbGxlY3QgbXkgZmF2b3JpdGUgY29sb3JzIGFuZCBjb2xv
ciBzY2hlbWVzLgoKPGltZyBzcmM9Imh0dHBzOi8vaS5pbWd1ci5jb20vQjdk
MVczdi5wbmciIHdpZHRoPSI0MDAiIGFsdD0iaW1nIj4KCiMjIyMgW1BpeGVs
U25hcF0oaHR0cHM6Ly9nZXRwaXhlbHNuYXAuY29tLykgLSBNZWFzdXJlIGV2
ZXJ5dGhpbmcgb24gc2NyZWVuCgotIFVzZSBpdCB0byBxdWlja2x5IGdldCBt
ZWFzdXJlbWVudHMgb2Ygb2JqZWN0cyBhbmQgZGlzdGFuY2VzIGJldHdlZW4g
ZWxlbWVudHMuCgojIyMgTXVzaWMKCiMjIyMgW1Nwb3RpZnldKGh0dHBzOi8v
d3d3LnNwb3RpZnkuY29tL3VzLykgLSBNdXNpYyBzdHJlYW1pbmcKCi0gRm91
bmQgYSBbbG90IG9mIGdyZWF0IG11c2ljXShodHRwczovL29wZW4uc3BvdGlm
eS5jb20vdXNlci9uaWtpdGF2b2xvYm9ldikgd2l0aCB0aGlzIGFwcGxpY2F0
aW9uIGFuZCB0aGUgcGhlbm9tZW5hbCBbQWxmcmVkIFdvcmtmbG93XShodHRw
Oi8vYWxmcmVkLXNwb3RpZnktbWluaS1wbGF5ZXIuY29tLykgbWFrZXMgdXNp
bmcgdGhlIGFwcGxpY2F0aW9uIGFuIGFic29sdXRlIGpveS4KLSBRdWlja2x5
IGZpbmRpbmcgYXJ0aXN0cywgc29uZ3MgSSB3YW50IHRvIGxpc3RlbiwgaW5z
dGFudGx5IGFkZGluZyB0aGUgc29uZyBwbGF5aW5nIHRvIG15IFtMaWtlc10o
aHR0cHM6Ly9vcGVuLnNwb3RpZnkuY29tL3VzZXIvbmlraXRhdm9sb2JvZXYv
cGxheWxpc3QvMEVSbjBVNHFaSUtDOER5N1JyTU1zbj8pIHBsYXlsaXN0IG9y
IGFueSBvdGhlciBwbGF5bGlzdCBJIHdhbnQsIHNlZWluZyB3aGF0IG90aGVy
IHNvbmdzIHRoZSBhcnRpc3QgaGFzIGFuZCBtb3JlLgoKPGltZyBzcmM9Imh0
dHBzOi8vaS5pbWd1ci5jb20vdE5UaFZHMC5wbmciIHdpZHRoPSI1MDAiIGFs
dD0iaW1nIj4KCiMjIyBJbWFnZXMKCiMjIyMgW1BpeGF2ZV0oaHR0cDovL3d3
dy5saXR0bGVoai5jb20vbWFjKSAtIEltYWdlL0dJRi9WaWRlbyBvcmdhbml6
ZXIKCi0gSSB1c2UgUGl4YXZlIGFzIG15IG93biBwZXJzb25hbCBpbWFnZSBs
aWJyYXJ5LiBJIHNvcnQgaW1hZ2VzIGluIGdyb3VwcyBhbmQgSSBoYXZlIHBv
d2VyZnVsIHNlYXJjaCBJIGNhbiB1c2UgdG8gZmluZCBhbnkgaW1hZ2UgSSBu
ZWVkLgotIEhlcmUgaXMgaG93IG15IGxpYnJhcnkgbG9va3M6CgohW10oaHR0
cHM6Ly9pLmltZ3VyLmNvbS9JN3gzY1VYLmpwZykKCi0gVGhlIHJlZCB0YWcg
bWVhbnMgdGhhdCB0aGUgaW1hZ2Ugd2FzIHVwbG9hZGVkIHRvIG15IFtJbnN0
YWdyYW0gcGFnZV0oaHR0cHM6Ly9pbnN0YWdyYW0uY29tL3ByZXR0aXdheXMp
LgoKIyMjIFZpZGVvCgojIyMjIFtJSU5BXShodHRwczovL2dpdGh1Yi5jb20v
bGhjNzAwMDAvaWluYSkgLSBWaWRlbyBwbGF5ZXIKCi0gT3BlbiBzb3VyY2Ug
YWx0ZXJuYXRpdmUgdG8gVkxDIGJ1aWx0IHNwZWNpZmljYWxseSBmb3IgbWFj
T1MuCi0gSXQgaXMgYmFzZWQgb24gW21wdl0oaHR0cHM6Ly9naXRodWIuY29t
L21wdi1wbGF5ZXIvbXB2KSBhbmQgaGFzIGEgbW9yZSBtb2Rlcm4gYW5kIG5h
dGl2ZSBsb29rIHRoYW4gVkxDLgoKIyMjIyBbS2FwXShodHRwczovL2dpdGh1
Yi5jb20vd3Vsa2Fuby9rYXApIC0gU2NyZWVuIHJlY29yZGVyCgotIEFuIG9w
ZW4gc291cmNlIHNjcmVlbiByZWNvcmRlciBJIHVzZSB0byByZWNvcmQgR0lG
cy4KLSBIYXMga2V5Ym9hcmQgc3VwcG9ydCBzbyBJIGNhbiBxdWlja2x5IHN0
YXJ0IGFuZCBlbmQgcmVjb3JkaW5nIG9mIHRoZSBHSUYgaW4gb25lIGhvdGtl
eS4KCiMjIyBVdGlsaXRpZXMKCiMjIyMgW0hhemVsXShodHRwczovL3d3dy5u
b29kbGVzb2Z0LmNvbSkgLSBBdXRvbWF0ZWQgRmlsZSBPcmdhbml6YXRpb24K
Ci0gVXNlIGl0IHRvIGZ1bGx5IGF1dG9tYXRlIG15IGZpbGluZyBwcm9jZXNz
IGFuZCBhdXRvbWF0aWNhbGx5IGNvbW1pdCBjaGFuZ2VzIGluIFttYW55IGN1
cmF0ZWQgbGlzdHNdKGh0dHBzOi8vZ2l0aHViLmNvbS9sZWFybi1hbnl0aGlu
Zy9jdXJhdGVkLWxpc3RzI3JlYWRtZSkuCi0gSSBzaGFyZSBtb3N0IEhhemVs
IHJ1bGVzIGFuZCBob3cgSSB1c2UgdGhlbSBbaGVyZV0oaGF6ZWwjcmVhZG1l
KS4KCiMjIyMgW0RhaXN5RGlza10oaHR0cHM6Ly9kYWlzeWRpc2thcHAuY29t
KSAtIFZpc3VhbGl6ZSB0YWtlbiBkaXNrIHNwYWNlCgotIEEgZ3JlYXQgdG9v
bCB0byBxdWlja2x5IGdldCBhIHZpc3VhbCBnbGFuY2Ugb3ZlciB3aGF0IGlz
IHRha2luZyB1cCB5b3VyIGRpc2sgc3BhY2UgYW5kIHdoZXJlLgoKIyMjIyBb
aVN0YXQgTWVudXNdKGh0dHBzOi8vYmphbmdvLmNvbS9tYWMvaXN0YXRtZW51
cy8pIC0gTWFjIHN5c3RlbSBtb25pdG9yaW5nIGZyb20gbWVudSBiYXIKCi0g
R3JlYXQgc3lzdGVtIG1vbml0b3JpbmcgdG9vbHMgd2hpY2ggaXMgdXN1YWxs
eSB0dXJuZWQgb2ZmIGZvciBtZSBhbmQgb25seSB3b3JrcyBhcyBhIHdpZGdl
dCBpbiBOb3RpZmljYXRpb24gQ2VudHJlIHRvIHByZXNlcnZlIGJhdHRlcnku
IEkgdXNlIFtQcm9jZXNzQ29udHJvbF0oaHR0cHM6Ly9naXRodWIuY29tL3Zp
dG9yZ2FsdmFvL2FsZnJlZC13b3JrZmxvd3MvdHJlZS9tYXN0ZXIvUHJvY2Vz
c0NvbnRyb2wjcmVhZG1lKSB3b3JrZmxvdyB0byBxdWlja2x5IGtpbGwgb2Zm
IG1pc2JlaGF2aW5nIHByb2Nlc3Nlcy4KCiMjIyBCcm93c2VycwoKIyMjIyBb
U2FmYXJpXShodHRwczovL3d3dy5hcHBsZS5jb20vbGFlL3NhZmFyaS8pCgot
IE15IGZhdm9yaXRlIGJyb3dzZXIuIEl0IGlzIGluY3JlZGlibHkgZmFzdCwg
ZG9lc24ndCBoYXZlIHRoZSBiYWdnYWdlIG9mIGFsbCB0aGUgR29vZ2xlIENo
cm9tZSB0cmFja2luZyBhbmQgaXMgbmF0aXZlIHRvIG1hY09TIHNvIGl0IGlz
IGV4dHJlbWVseSBvcHRpbWl6ZWQgYW5kIGRvZXNuJ3Qga2lsbCB5b3VyIGJh
dHRlcnkuCi0gT25lIHBvd2VyZnVsIHBsdXMgdGhhdCBDaHJvbWUgZG9lcyBo
YXZlIG92ZXIgc2FmYXJpIGlzIHRoZSBhbW91bnQgb2YgQ2hyb21lIGV4dGVu
c2lvbnMgdGhhdCB5b3UgY2FuIGdldC4gRm9ydHVuYXRlbHkgdGhlIG9uZXMg
bW9zdCBuZWVkZWQgZm9yIG1lIGRvIFtleGlzdCBvbiBTYWZhcmldKGh0dHBz
Oi8vZ2l0aHViLmNvbS9sZWFybi1hbnl0aGluZy9zYWZhcmktZXh0ZW5zaW9u
cyNyZWFkbWUpLgoKIyMjIyMgU2FmYXJpIEV4dGVuc2lvbnMKCi0gW3NWaW1d
KGh0dHBzOi8vZ2l0aHViLmNvbS9mbGlweGZ4L3NWaW0pIC0gQWRkcyBhIGN1
c3RvbSBsYXllciBvZiBrZXliaW5kcyB5b3UgY2FuIGN1c3RvbWl6ZSB0byBw
ZXJzb25hbGl6ZSB5b3VyIGJyb3dzaW5nIGV4cGVyaWVuY2UuIFtNeSBjb25m
aWddKGh0dHBzOi8vZ2lzdC5naXRodWIuY29tL2MyNmU2YTA1ZTRlNDI2ZTA1
NDJlNTViNzUxM2I1ODFjKS4KLSBbV2lwcl0oaHR0cHM6Ly9pdHVuZXMuYXBw
bGUuY29tL25sL2FwcC93aXByL2lkMTMyMDY2NjQ3Nj9sPWVuJm10PTEyKSAt
IEFkIGNvbnRlbnQgYmxvY2tlciB0aGF0IHVzZXMgW1NhZmFyaSBuYXRpdmUg
Y29udGVudCBibG9ja2luZyBBUEknc10oaHR0cHM6Ly9kZXZlbG9wZXIuYXBw
bGUuY29tL2xpYnJhcnkvY29udGVudC9kb2N1bWVudGF0aW9uL0V4dGVuc2lv
bnMvQ29uY2VwdHVhbC9Db250ZW50QmxvY2tpbmdSdWxlcy9JbnRyb2R1Y3Rp
b24vSW50cm9kdWN0aW9uLmh0bWwpLgotIFsxUGFzc3dvcmRdKGh0dHBzOi8v
YWdpbGViaXRzLmNvbS9vbmVwYXNzd29yZC9leHRlbnNpb25zKSAtIFsxUGFz
c3dvcmRdKGh0dHBzOi8vMXBhc3N3b3JkLmNvbSkgaXMgYSBwaGVub21lbmFs
IHBhc3N3b3JkIG1hbmFnZXIsIHRoaXMgZXh0ZW5zaW9uIGp1c3QgZ2l2ZXMg
YSBzZWFtbGVzcyBpbnRlcmFjdGlvbiBvZiBpdCB3aXRoIHRoZSBicm93c2Vy
LgotIFtDYXNjYWRlYV0oaHR0cHM6Ly9jYXNjYWRlYS5hcHApIC0gQ3VzdG9t
IHN0eWxlcyBleHRlbnNpb24uIFVzZSBpdCB0byBjcmVhdGUgZGFyayB0aGVt
ZXMgZm9yIGFwcHMgdGhhdCBkb24ndCBoYXZlIGEgZGFyayBtb2RlIG9wdGlv
bi4gQWxzbyBhbGxvd3MgaW1wb3J0aW5nIG9mIFtTdHlsaXNoIHRoZW1lc10o
aHR0cHM6Ly93aWtpLm5pa2l0YXZvbG9ib2V2Lnh5ei93ZWIvYnJvd3NlcnMv
c3R5bGlzaC10aGVtZXMpLgotIFtEYXJrIFJlYWRlcl0oaHR0cHM6Ly9kYXJr
cmVhZGVyLm9yZy9zYWZhcmkvKSAtIE9uIHdlYnNpdGVzIHRoYXQgZG9uJ3Qg
aGF2ZSBhIG5pY2UgU3R5bGlzaCB0aGVtZSwgSSBsaWtlIHRvIHVzZSBEYXJr
IFJlYWRlciB0byB0dXJuIGFsbCB0aGUgd2Vic2l0ZXMgSSB2aXNpdCB0byBk
YXJrIG1vZGUuIEl0IHdvcmtzIHN1cnByaXNpbmdseSB3ZWxsLgoKIyMjIyBb
R29vZ2xlIENocm9tZV0oaHR0cHM6Ly93d3cuZ29vZ2xlLmNvbS9jaHJvbWUv
KQoKLSBJIG9ubHkgdXNlIENocm9tZSBmb3Igd2ViIGRldmVsb3BtZW50IGR1
ZSB0byBpdHMgc3VwZXJpb3IgQ2hyb21lIERldiB0b29scy4KLSBJIGFsc28g
bG92ZSB0aGUgdmFyaWV0eSBvZiBbQ2hyb21lIGV4dGVuc2lvbnNdKGh0dHBz
Oi8vZ2l0aHViLmNvbS9sZWFybi1hbnl0aGluZy9jaHJvbWUtZXh0ZW5zaW9u
cyNyZWFkbWUpIHRoYXQgcGVvcGxlIGhhdmUgYnVpbHQgYW5kIHNoYXJlZC4K
CiMjIyMgW0JlYWtlciBCcm93c2VyXShodHRwczovL2JlYWtlcmJyb3dzZXIu
Y29tKQoKLSBFeHBlcmltZW50YWwgUGVlciB0byBQZWVyIGJyb3dzZXIuIEV4
cGVyaW1lbnRpbmcgd2l0aCB1c2luZyBpdCBtb3JlIGFuZCBtb3JlIGFzIEkg
ZmluZCB0aGUgW3RlY2hub2xvZ3kgYW5kIHRoZSBpbXBsaWNhdGlvbnMgb2Yg
aXQgZmFzY2luYXRpbmddKGh0dHBzOi8vd3d3LnlvdXR1YmUuY29tL3dhdGNo
P3Y9LWVwMFpJZTZpMTApLgoKIyMjIyBbRmlyZWZveCBEZXZlbG9wZXIgRWRp
dGlvbl0oaHR0cHM6Ly93d3cubW96aWxsYS5vcmcvZW4tVVMvZmlyZWZveC9k
ZXZlbG9wZXIvKQoKLSBVc2UgaXQgZm9yIHdlYiBkZXZlbG9wbWVudCBmb3Ig
aXRzIHN1cGVyaW9yIERldiBUb29scyBpbiBkZWJ1Z2dpbmcgQ1NTIEdyaWQu
IFByZWZlciBDaHJvbWUgRGV2IHRvb2xzIHN0aWxsLgoKIyMgQ29tbWFuZCBM
aW5lIEFwcHMKCkkgdXNlIFtOaXhdKGh0dHBzOi8vbml4b3Mub3JnL25peC8p
IHBhY2thZ2UgbWFuYWdlciB0byBpbnN0YWxsIGFsbCB0aGUgW3BhY2thZ2Vz
IEkgdXNlIG9uIG15IHN5c3RlbV0oaHR0cHM6Ly9naXRodWIuY29tL25pa2l0
YXZvbG9ib2V2L2RvdGZpbGVzL2Jsb2IvbWFzdGVyL25peC9kYXJ3aW4ubml4
I0w2KS4KCkkgY3VyYXRlIGEgbGlzdCBvZiBbaW50ZXJlc3RpbmcgQ0xJIHRv
b2xzXShodHRwczovL2dpdGh1Yi5jb20vbGVhcm4tYW55dGhpbmcvY29tbWFu
ZC1saW5lLXRvb2xzI3JlYWRtZSkgeW91IGNhbiB1c2UuIEJlbG93IGFyZSBz
b21lIGNvbW1hbmQgbGluZSB0b29scyBJIHBlcnNvbmFsbHkgdXNlIGFuZCBs
b3ZlLgoKLSBbZnpmXShodHRwczovL2dpdGh1Yi5jb20vanVuZWd1bm4vZnpm
KSAtIENvbW1hbmQtbGluZSBmdXp6eSBmaW5kZXIuCi0gW3JpcGdyZXBdKGh0
dHBzOi8vZ2l0aHViLmNvbS9CdXJudFN1c2hpL3JpcGdyZXApIC0gU2VhcmNo
IHRleHQgZm9yIHBhdHRlcm5zIGZhc3QuCi0gW2ZkXShodHRwczovL2dpdGh1
Yi5jb20vc2hhcmtkcC9mZCkgLSBTaW1wbGUsIGZhc3QgYW5kIHVzZXItZnJp
ZW5kbHkgYWx0ZXJuYXRpdmUgdG8gJ2ZpbmQnLgotIFtleGFdKGh0dHBzOi8v
Z2l0aHViLmNvbS9vZ2hhbS9leGEpIC0gUmVwbGFjZW1lbnQgZm9yIGxzIHdy
aXR0ZW4gaW4gcnVzdC4KLSBbYmF0XShodHRwczovL2dpdGh1Yi5jb20vc2hh
cmtkcC9iYXQpIC0gQ2F0IGNsb25lIHdpdGggd2luZ3MuCi0gW3VwXShodHRw
czovL2dpdGh1Yi5jb20vYXBleC91cCkgLSBEZXBsb3kgaW5maW5pdGVseSBz
Y2FsYWJsZSBzZXJ2ZXJsZXNzIGFwcHMsIEFQSXMsIGFuZCBzaXRlcyBpbiBz
ZWNvbmRzIHRvIEFXUy4KLSBbanFdKGh0dHBzOi8vZ2l0aHViLmNvbS9zdGVk
b2xhbi9qcSkgLSBKU09OIHByb2Nlc3Nvci4KLSBbZ2l0XShodHRwczovL2dp
dGh1Yi5jb20vZ2l0L2dpdCkgLSBWZXJzaW9uIGNvbnRyb2wuCi0gW2N1cmxd
KGh0dHBzOi8vY3VybC5oYXh4LnNlL2RvY3MvbWFucGFnZS5odG1sKSAtIFRy
YW5zZmVyIGRhdGEgZnJvbSBvciB0byBhIHNlcnZlci4KLSBbeW91dHViZS1k
bF0oaHR0cHM6Ly9naXRodWIuY29tL3JnMy95b3V0dWJlLWRsKSAtIERvd25s
b2FkIHZpZGVvcyBmcm9tIFlvdVR1YmUgYW5kIG90aGVyIHZpZGVvIHNpdGVz
LgotIFt0bXV4XShodHRwczovL2dpdGh1Yi5jb20vdG11eC90bXV4KSAtIFRl
cm1pbmFsIG11bHRpcGxleGVyLgotIFtkaXJlbnZdKGh0dHBzOi8vZGlyZW52
Lm5ldC8pIC0gRW52aXJvbm1lbnQgc3dpdGNoZXIgZm9yIHRoZSBzaGVsbC4K
LSBbaHRvcF0oaHR0cHM6Ly9naXRodWIuY29tL2hpc2hhbWhtL2h0b3ApIC0g
SW50ZXJhY3RpdmUgdGV4dC1tb2RlIHByb2Nlc3Mgdmlld2VyIGZvciBVbml4
IHN5c3RlbXMuCi0gW2h0dHBpZV0oaHR0cHM6Ly9naXRodWIuY29tL2pha3Vi
cm96dG9jaWwvaHR0cGllKSAtIEhUVFAgY2xpZW50LgotIFtycV0oaHR0cHM6
Ly9naXRodWIuY29tL2RmbGVtc3RyL3JxKSAtIFRvb2wgZm9yIGRvaW5nIHJl
Y29yZCBhbmFseXNpcyBhbmQgdHJhbnNmb3JtYXRpb24uCi0gW3BhbmRvY10o
aHR0cHM6Ly9naXRodWIuY29tL2pnbS9wYW5kb2MpIC0gVW5pdmVyc2FsIG1h
cmt1cCBjb252ZXJ0ZXIuCi0gW3RyYXNoXShodHRwczovL2dpdGh1Yi5jb20v
c2luZHJlc29yaHVzL3RyYXNoKSAtIE1vdmUgZmlsZXMgYW5kIGZvbGRlcnMg
dG8gdGhlIHRyYXNoLgotIFt2dG9wXShodHRwczovL2dpdGh1Yi5jb20vTXJS
aW8vdnRvcCkgLSBHcmFwaGljYWwgYWN0aXZpdHkgbW9uaXRvci4KLSBbZ290
b3BdKGh0dHBzOi8vZ2l0aHViLmNvbS9jamJhc3NpL2dvdG9wKSAtIFRlcm1p
bmFsIGJhc2VkIGdyYXBoaWNhbCBhY3Rpdml0eSBtb25pdG9yIGluc3BpcmVk
IGJ5IGd0b3AgYW5kIHZ0b3AuCi0gW2hvd2RvaV0oaHR0cHM6Ly9naXRodWIu
Y29tL2dsZWl0ei9ob3dkb2kpIC0gSW5zdGFudCBjb2RpbmcgYW5zd2Vycy4K
LSBbYXNjaWluZW1hXShodHRwczovL2dpdGh1Yi5jb20vYXNjaWluZW1hL2Fz
Y2lpbmVtYSkgLSBUZXJtaW5hbCBzZXNzaW9uIHJlY29yZGVyLgotIFt0bGRy
XShodHRwczovL2dpdGh1Yi5jb20vdGxkci1wYWdlcy90bGRyKSAtIFNpbXBs
aWZpZWQgYW5kIGNvbW11bml0eS1kcml2ZW4gbWFuIHBhZ2VzLgotIFtpbWdj
YXRdKGh0dHBzOi8vZ2l0aHViLmNvbS9lZGRpZWFudG9uaW8vaW1nY2F0KSAt
IExpa2UgW2NhdF0oaHR0cDovL3d3dy5saW5mby5vcmcvY2F0Lmh0bWwpIGJ1
dCBmb3IgaW1hZ2VzLgotIFtzY3JlZW5mZXRjaF0oaHR0cHM6Ly9naXRodWIu
Y29tL0tpdHR5S2F0dC9zY3JlZW5GZXRjaCkgLSBGZXRjaGVzIHN5c3RlbS90
aGVtZSBpbmZvcm1hdGlvbiBpbiB0ZXJtaW5hbC4KLSBbaHVnb10oaHR0cHM6
Ly9naXRodWIuY29tL2dvaHVnb2lvL2h1Z28pIC0gRmFzdCBhbmQgZmxleGli
bGUgc3RhdGljIHNpdGUgZ2VuZXJhdG9yLgotIFtyZWZsZXhdKGh0dHBzOi8v
Z2l0aHViLmNvbS9jZXNwYXJlL3JlZmxleCkgLSBSdW4gYSBjb21tYW5kIHdo
ZW4gZmlsZXMgY2hhbmdlLgotIFttb2RkXShodHRwczovL2dpdGh1Yi5jb20v
Y29ydGVzaS9tb2RkKSAtIEZsZXhpYmxlIHRvb2wgZm9yIHJlc3BvbmRpbmcg
dG8gZmlsZSBzeXN0ZW0gY2hhbmdlcy4KLSBbY3JlYXRlLXJlYWN0LWFwcF0o
aHR0cHM6Ly9naXRodWIuY29tL2ZhY2Vib29raW5jdWJhdG9yL2NyZWF0ZS1y
ZWFjdC1hcHApIC0gQ3JlYXRlIFJlYWN0IGFwcHMgd2l0aCBubyBidWlsZCBj
b25maWd1cmF0aW9uLgotIFtub3ddKGh0dHBzOi8vZ2l0aHViLmNvbS96ZWl0
L25vdy1jbGkpIC0gUmVhbCB0aW1lIGdsb2JhbCBkZXBsb3ltZW50cyBzZXJ2
ZWQgb3ZlciBIVFRQLzIuCi0gW3lhcm5dKGh0dHBzOi8vZ2l0aHViLmNvbS95
YXJucGtnL3lhcm4pIC0gRmFzdCwgcmVsaWFibGUsIGFuZCBzZWN1cmUgZGVw
ZW5kZW5jeSBtYW5hZ2VtZW50LgotIFtodWJdKGh0dHBzOi8vZ2l0aHViLmNv
bS9naXRodWIvaHViKSAtIEdpdEh1YiB3cmFwcGVyLgotIFt3YXRjaGV4ZWNd
KGh0dHBzOi8vZ2l0aHViLmNvbS93YXRjaGV4ZWMvd2F0Y2hleGVjKSAtIEV4
ZWN1dGVzIGNvbW1hbmRzIGluIHJlc3BvbnNlIHRvIGZpbGUgbW9kaWZpY2F0
aW9ucy4KLSBbeHN2XShodHRwczovL2dpdGh1Yi5jb20vQnVybnRTdXNoaS94
c3YpIC0gRmFzdCBDU1YgY29tbWFuZCBsaW5lIHRvb2xraXQgd3JpdHRlbiBp
biBSdXN0LgotIFtwdl0oaHR0cHM6Ly9pdmFyY2guY29tL3Byb2dyYW1zL3B2
LnNodG1sKSAtIFBpcGUgVmlld2VyLgotIFttLWNsaV0oaHR0cHM6Ly9naXRo
dWIuY29tL3JnY3IvbS1jbGkpIC0gVXNlZnVsIHV0aWxzIGZvciBtYWNPUy4K
LSBbcGdjbGldKGh0dHBzOi8vZ2l0aHViLmNvbS9kYmNsaS9wZ2NsaSkgLSBQ
b3N0Z3JlcyBDTEkgd2l0aCBhdXRvY29tcGxldGlvbiBhbmQgc3ludGF4IGhp
Z2hsaWdodGluZy4KLSBbbWFzXShodHRwczovL2dpdGh1Yi5jb20vbWFzLWNs
aS9tYXMpIC0gQ0xJIGZvciBtYWMgYXBwIHN0b3JlLgotIFtsb2NdKGh0dHBz
Oi8vZ2l0aHViLmNvbS9jZ2FnL2xvYykgLSBDb3VudCBsaW5lcyBvZiBjb2Rl
IHF1aWNrbHkuCi0gW2FsZnJlZF0oaHR0cHM6Ly9nb2RvYy5vcmcvZ2l0aHVi
LmNvbS9qYXNvbjB4NDMvZ28tYWxmcmVkL2FsZnJlZCkgLSBNYW5hZ2UgR28t
YmFzZWQgQWxmcmVkIHdvcmtmbG93cy4KLSBbbmVvZmV0Y2hdKGh0dHBzOi8v
Z2l0aHViLmNvbS9keWxhbmFyYXBzL25lb2ZldGNoKSAtIFN5c3RlbSBpbmZv
cm1hdGlvbiB0b29sLgotIFtsaWNlbnNlLXVwXShodHRwczovL2dpdGh1Yi5j
b20vbmlraXRhdm9sb2JvZXYvbGljZW5zZS11cCkgLSBDcmVhdGUgYSBsaWNl
bnNlIHF1aWNrbHkgZm9yIHlvdXIgcHJvamVjdC4KLSBbcGlrbmlrXShodHRw
czovL2dpdGh1Yi5jb20vamVkaXNjdDEvcGlrbmlrKSAtIENvcHkvcGFzdGUg
YW55dGhpbmcgb3ZlciB0aGUgbmV0d29yay4KLSBbYmVuY2hdKGh0dHBzOi8v
Z2l0aHViLmNvbS9HYWJyaWVsNDM5L2JlbmNoKSAtIENvbW1hbmQtbGluZSBi
ZW5jaG1hcmsgdG9vbC4KLSBbZ2hxXShodHRwczovL2dpdGh1Yi5jb20vbW90
ZW1lbi9naHEpIC0gTWFuYWdlIHJlbW90ZSByZXBvc2l0b3J5IGNsb25lcy4K
LSBbbnB4XShodHRwczovL2dpdGh1Yi5jb20vemthdC9ucHgpIC0gRXhlY3V0
ZSBucG0gcGFja2FnZSBiaW5hcmllcy4KLSBbZGV2ZF0oaHR0cHM6Ly9naXRo
dWIuY29tL2NvcnRlc2kvZGV2ZCkgLSBMb2NhbCB3ZWJzZXJ2ZXIgZm9yIGRl
dmVsb3BlcnMuCi0gW3dpZmktcGFzc3dvcmRdKGh0dHBzOi8vZ2l0aHViLmNv
bS9yYXVjaGcvd2lmaS1wYXNzd29yZCkgLSBHZXQgdGhlIHBhc3N3b3JkIG9m
IHRoZSBXaUZpIHlvdSdyZSBvbi4KLSBbZmtpbGxdKGh0dHBzOi8vZ2l0aHVi
LmNvbS9zaW5kcmVzb3JodXMvZmtpbGwtY2xpKSAtIEZhYnVsb3VzbHkga2ls
bCBwcm9jZXNzZXMuCi0gW3Jhbl0oaHR0cHM6Ly9naXRodWIuY29tL20zbmc5
aS9yYW4pIC0gU2ltcGxlIHN0YXRpYyB3ZWIgc2VydmVyIHdyaXR0ZW4gaW4g
R28uCgojIyBQcmVmZXJlbmNlIFBhbmVzCgotIFtHUEcgU3VpdGVdKGh0dHBz
Oi8vZ3BndG9vbHMub3JnLykgLSBFbmNyeXB0LCBkZWNyeXB0LCBzaWduIGFu
ZCB2ZXJpZnkgZmlsZXMgb3IgbWVzc2FnZXMuCi0gW1N3aWZ0RGVmYXVsdEFw
cHNdKGh0dHBzOi8vZ2l0aHViLmNvbS9Mb3JkLUthbWluYS9Td2lmdERlZmF1
bHRBcHBzL3JlbGVhc2VzL2xhdGVzdCkgLSBTZXQgdGhlIGRlZmF1bHQgYXBw
bGljYXRpb24gdXNlZCBmb3IgdmFyaW91cyBVUkwgc2NoZW1lcywgZmlsZSBl
eHRlbnNpb25zLCBmaWxlIHR5cGVzLCBNSU1FIHR5cGVzLCBhbmQgVW5pZm9y
bSBUeXBlIElkZW50aWZpZXJzLgotIFtUaW5rZXJUb29sXShodHRwczovL3d3
dy5icmVzaW5rLmNvbS9vc3gvVGlua2VyVG9vbC5odG1sKSAtIEdpdmVzIHlv
dSBhY2Nlc3MgdG8gYWRkaXRpb25hbCBwcmVmZXJlbmNlIHNldHRpbmdzIEFw
cGxlIGhhcyBidWlsdCBpbnRvIG1hY09TLgoKSSBhbHNvIFtzaGFyZSBzY3Jl
ZW5zaG90cyBvZiBhbGwgdGhlIGNoYW5nZXMgdG8gU3lzdGVtIFByZWZlcmVu
Y2VzIEkgaGF2ZSBtYWRlXShodHRwczovL2ltZ3VyLmNvbS9hL0tvVkF4RlEp
LgoKIyMgRGVza3RvcCBTY3JlZW5zaG90CgohW10oaHR0cHM6Ly9pLmltZ3Vy
LmNvbS91S3N1OTRvLnBuZykKCj4gVXNpbmcgW3NjcmVlbmZldGNoXShodHRw
czovL2dpdGh1Yi5jb20vS2l0dHlLYXR0L3NjcmVlbkZldGNoKQoKIyMgQWxm
cmVkIGxhdW5jaGVyCgohW10oaHR0cHM6Ly9pLmltZ3VyLmNvbS96c3hobTQ2
LnBuZykKCj4gU2VhcmNoaW5nIFtBbGZyZWQgTGVhcm4gQW55dGhpbmddKGh0
dHBzOi8vZ2l0aHViLmNvbS9uaWtpdGF2b2xvYm9ldi9hbGZyZWQtbGVhcm4t
YW55dGhpbmcjcmVhZG1lKS4gVXNpbmcgW01vbm9rYWkgTmlnaHQgdGhlbWVd
KGh0dHBzOi8vd3d3LmFsZnJlZGFwcC5jb20vZXh0cmFzL3RoZW1lL1BRVlpw
ZWc0WmkvKS4KCiMjIE1vbm9rYWkgTmlnaHQgdGhlbWVzCgohW10oaHR0cHM6
Ly9pLmltZ3VyLmNvbS9YZmZ2NjhjLmpwZykKCj4gSGF2aW5nIGEgW3VuaWZp
ZWQgdGhlbWVdKGh0dHBzOi8vd2lraS5uaWtpdGF2b2xvYm9ldi54eXovZGVz
aWduL21vbm9rYWktbmlnaHQtdGhlbWVzKSBhY3Jvc3MgYXBwcyBpcyBhbWF6
aW5nCgojIyBMYXVuY2hwYWQKCiFbXShodHRwczovL2kuaW1ndXIuY29tL2I3
Wk44MTYuanBnKQoKPiBJIGFkZCBhIFtzbWFsbCBzcGFjZSBpbiBteSBEb2Nr
XShodHRwczovL3d3dy5pbW9yZS5jb20vYWRkLXNwYWNlLXlvdXItbWFjLWRv
Y2spIHRvIHNlcGFyYXRlIGFwcHMgSSBhbHdheXMgaGF2ZSBvcGVuIHdpdGgg
YXBwcyBJIHNlbGRvbSBvcGVuCgojIyBbTXkgd29uZGVyZnVsIHdvcmxkIG9m
IGlPUyDwn5OxXShodHRwczovL2dpdGh1Yi5jb20vbmlraXRhdm9sb2JvZXYv
bXktaW9zI3JlYWRtZSkKCklmIHlvdSBmb3VuZCB0aGlzIGludGVyZXN0aW5n
LCBJIGFsc28gaGF2ZSBbc2ltaWxhciByZXBvc2l0b3J5XShodHRwczovL2dp
dGh1Yi5jb20vbmlraXRhdm9sb2JvZXYvbXktaW9zI3JlYWRtZSkgZ29pbmcg
b3ZlciB3aGF0IGFwcGxpY2F0aW9ucyBJIHVzZSBvbiBpT1MvV2F0Y2hPUyBh
cyB3ZWxsIGFzIGhvdyBhbmQgd2h5IEkgdXNlIHRoZW0uCgo8YSBhbGlnbj0i
Y2VudGVyIiBocmVmPSJodHRwczovL2dpdGh1Yi5jb20vbmlraXRhdm9sb2Jv
ZXYvbXktaW9zI3JlYWRtZSI+CiAgICA8aW1nIHdpZHRoPSIyNTAiIGhlaWd0
aD0iNDAwIiBzcmM9Imh0dHBzOi8vaS5pbWd1ci5jb20vdEQxOFg1Zi5qcGci
PjwvYT4KCjxhIGFsaWduPSJjZW50ZXIiIGhyZWY9Imh0dHBzOi8vZ2l0aHVi
LmNvbS9uaWtpdGF2b2xvYm9ldi9teS1pb3MjcmVhZG1lIj4KICAgIDxpbWcg
d2lkdGg9IjI1MCIgaGVpZ3RoPSI0MDAiIHNyYz0iaHR0cHM6Ly9pLmltZ3Vy
LmNvbS9lS1RTbDN6LmpwZyI+PC9hPgoKPGEgYWxpZ249ImNlbnRlciIgaHJl
Zj0iaHR0cHM6Ly9naXRodWIuY29tL25pa2l0YXZvbG9ib2V2L215LWlvcyNy
ZWFkbWUiPgogICAgPGltZyB3aWR0aD0iMjUwIiBoZWlndGg9IjQwMCIgc3Jj
PSJodHRwczovL2kuaW1ndXIuY29tL016VUxlNmguanBnIj48L2E+CgojIyBT
aW1pbGFyIFNldHVwcwoKSGVyZSB5b3UgY2FuIGZpbmQgbW9yZSBzZXR1cHMg
Ynkgb3RoZXIgcGVvcGxlIHRoYXQgeW91IGNhbiB0YWtlIGlkZWFzIGFuZCBp
bnNwaXJhdGlvbiBmcm9tLgoKLSBbV29ya3MgZm9yIG1lXShodHRwczovL3dv
cmtzLWZvci1tZS5naXRodWIuaW8vKSAtIENvbGxlY3Rpb24gb2YgZGV2ZWxv
cGVyIHRvb2xraXRzLgotIFtVc2UgVGhpcyBJbnRlcnZpZXdzXShodHRwczov
L3VzZXN0aGlzLmNvbSkgLSBXaGF0IGRvIHBlb3BsZSB1c2UgdG8gZ2V0IHN0
dWZmIGRvbmU/Ci0gW09tYXIgQmFoYXJldGgncyBteS1tYWMtb3NdKGh0dHBz
Oi8vZ2l0aHViLmNvbS9vYmFoYXJldGgvbXktbWFjLW9zKSAtIEFub3RoZXIg
bXktbWFjLW9zLgoKIyMgUmVsYXRlZAoKLSBbQXdlc29tZSBtYWNdKGh0dHBz
Oi8vZ2l0aHViLmNvbS9qYXl3Y2psb3ZlL2F3ZXNvbWUtbWFjI3JlYWRtZSkK
LSBbSW50ZXJlc3RpbmcgbWFjT1MgYXBwc10oaHR0cHM6Ly9naXRodWIuY29t
L2xlYXJuLWFueXRoaW5nL21hY29zLWFwcHMjcmVhZG1lKQotIFtPcGVuIFNv
dXJjZSBtYWNPUyBhcHBzXShodHRwczovL2dpdGh1Yi5jb20vc2VyaGlpLWxv
bmRhci9vcGVuLXNvdXJjZS1tYWMtb3MtYXBwcyNyZWFkbWUpCgojIyBDb250
cmlidXRpbmcKCklmIHlvdSBzaGFyZWQgYSBzaW1pbGFyIHBlcnNvbmFsIHNl
dHVwIHRvIHRoaXMsIGJlIGl0IGZvciBXaW5kb3dzLCBMaW51eCBvciBhbnl0
aGluZyBlbHNlLCB5b3UgY2FuIGFkZCBpdCBpbiBbU2ltaWxhciBTZXR1cHNd
KCNzaW1pbGFyLXNldHVwcykgc2VjdGlvbi4KCkkgbG92ZSBmaW5kaW5nIG5l
dyBhd2Vzb21lIHRvb2xzIGFuZCBhcHBzLiBJZiB5b3UgaGF2ZSBhIGZhdm9y
aXRlIHRvb2wgb3IgYXBwIHRoYXQgeW91IHRoaW5rIEkgbWlzc2VkLCBwbGVh
c2UgW3NheSBpdF0oLi4vLi4vaXNzdWVzL25ldykuCgojIyBUaGFuayB5b3UK
CllvdSBjYW4gc3VwcG9ydCBtZSBvbiBbR2l0SHViXShodHRwczovL2dpdGh1
Yi5jb20vc3BvbnNvcnMvbmlraXRhdm9sb2JvZXYpIG9yIGxvb2sgaW50byBb
b3RoZXIgcHJvamVjdHNdKGh0dHBzOi8vbmlraXRhdm9sb2JvZXYueHl6L3By
b2plY3RzKSBJIHNoYXJlZC4KClshW01JVF0oaHR0cHM6Ly9pbWcuc2hpZWxk
cy5pby9iYWRnZS9saWNlbnNlLU1JVC0wYTBhMGEuc3ZnP3N0eWxlPWZsYXQm
Y29sb3JBPTBhMGEwYSldKExJQ0VOU0UpIFshW1R3aXR0ZXJdKGh0dHA6Ly9i
aXQubHkvbmlraXRhdHdlZXQpXShodHRwczovL3R3aXR0ZXIuY29tL25pa2l0
YXZvbG9ib2V2KQo=
",,,,,,,,,,,,,,,,,,,,,,,,,,,,,,,,,,,,,,,,,,,,,,,,,,,,,,,,,,,,,,,,,,,,,,,,,,,,,,,,,,,,,,,,,,,,,,,,,,,,,,,,,,,,,,,,,,,,,,,,,,,,,,,,,,,,,,,,,,,,,,,,,,,,,,,,,,,,,,,,,,,,,,,,,,,,,,,,,,,,,,,,,,,,,,,,,
