name,id,description,language,open_issues,stargazers_count,topics,watchers_count,fork,forks_url,readme,config,travis0,github0,github1,github2,azure0,circleci0,travis1,travis2,travis3,travis4,travis5,travis6,travis7,travis8,travis9,travis10,travis11,gitlab0,gitlab1,gitlab2,gitlab3,gitlab4,gitlab5,gitlab6,gitlab7,gitlab8,gitlab9,gitlab10,gitlab11,jenkinsPipeline0,jenkinsPipeline1,jenkinsPipeline2,jenkinsPipeline3,jenkinsPipeline4,jenkinsPipeline5,jenkinsPipeline6,jenkinsPipeline7,jenkinsPipeline8,jenkinsPipeline9,jenkinsPipeline10,jenkinsPipeline11,cirrus0,cirrus1,cirrus2,cirrus3,cirrus4,cirrus5,cirrus6,cirrus7,cirrus8,cirrus9,cirrus10,cirrus11,github3,github4,github5,github6,github7,github8,github9,github10,github11,cds0,cds1,cds2,cds3,cds4,cds5,cds6,cds7,cds8,cds9,cds10,cds11,azure1,azure2,azure3,azure4,azure5,azure6,azure7,azure8,azure9,azure10,azure11,circleci1,circleci2,circleci3,circleci4,circleci5,circleci6,circleci7,circleci8,circleci9,circleci10,circleci11
b'ant-design',34526884,b'\xf0\x9f\x8c\x88 A UI Design Language and React UI library',b'TypeScript',421,53387,,53387,False,b'https://api.github.com/repos/ant-design/ant-design/forks',"PHAgYWxpZ249ImNlbnRlciI+CiAgPGEgaHJlZj0iaHR0cDovL2FudC5kZXNp
Z24iPgogICAgPGltZyB3aWR0aD0iMjAwIiBzcmM9Imh0dHBzOi8vZ3cuYWxp
cGF5b2JqZWN0cy5jb20vem9zL3Jtc3BvcnRhbC9LRHBndmd1TXBHZnFhSFBq
aWNSSy5zdmciPgogIDwvYT4KPC9wPgoKPGgxIGFsaWduPSJjZW50ZXIiPkFu
dCBEZXNpZ248L2gxPgoKPGRpdiBhbGlnbj0iY2VudGVyIj4KCkFuIGVudGVy
cHJpc2UtY2xhc3MgVUkgZGVzaWduIGxhbmd1YWdlIGFuZCBSZWFjdCBVSSBs
aWJyYXJ5LgoKWyFbQ2lyY2xlQ0kgYnJhbmNoXShodHRwczovL2ltZy5zaGll
bGRzLmlvL2NpcmNsZWNpL3Byb2plY3QvZ2l0aHViL2FudC1kZXNpZ24vYW50
LWRlc2lnbi9tYXN0ZXIuc3ZnP3N0eWxlPWZsYXQtc3F1YXJlKV0oaHR0cHM6
Ly9jaXJjbGVjaS5jb20vZ2gvYW50LWRlc2lnbi9hbnQtZGVzaWduKSAhW0NJ
IFN0YXR1c10oaHR0cHM6Ly9naXRodWIuY29tL2FudC1kZXNpZ24vYW50LWRl
c2lnbi93b3JrZmxvd3MvTm9kZSUyMENJL2JhZGdlLnN2ZykgWyFbQ29kZWNv
dl0oaHR0cHM6Ly9pbWcuc2hpZWxkcy5pby9jb2RlY292L2MvZ2l0aHViL2Fu
dC1kZXNpZ24vYW50LWRlc2lnbi9tYXN0ZXIuc3ZnP3N0eWxlPWZsYXQtc3F1
YXJlKV0oaHR0cHM6Ly9jb2RlY292LmlvL2doL2FudC1kZXNpZ24vYW50LWRl
c2lnbi9icmFuY2gvbWFzdGVyKSBbIVtdKGh0dHBzOi8vZmxhdC5iYWRnZW4u
bmV0L25wbS92L2FudGQ/aWNvbj1ucG0pXShodHRwczovL3d3dy5ucG1qcy5j
b20vcGFja2FnZS9hbnRkKSBbIVtdKGh0dHBzOi8vYmFkZ2VuLm5ldC9ucG0v
di9hbnRkL25leHQpXShodHRwczovL3d3dy5ucG1qcy5jb20vcGFja2FnZS9h
bnRkKSBbIVtOUE0gZG93bmxvYWRzXShodHRwOi8vaW1nLnNoaWVsZHMuaW8v
bnBtL2RtL2FudGQuc3ZnP3N0eWxlPWZsYXQtc3F1YXJlKV0oaHR0cDovL25w
bWpzLmNvbS9hbnRkKQoKWyFbRGVwZW5kZW5jaWVzXShodHRwczovL2ltZy5z
aGllbGRzLmlvL2RhdmlkL2FudC1kZXNpZ24vYW50LWRlc2lnbi5zdmc/c3R5
bGU9ZmxhdC1zcXVhcmUpXShodHRwczovL2RhdmlkLWRtLm9yZy9hbnQtZGVz
aWduL2FudC1kZXNpZ24pIFshW0RldkRlcGVuZGVuY2llc10oaHR0cHM6Ly9p
bWcuc2hpZWxkcy5pby9kYXZpZC9kZXYvYW50LWRlc2lnbi9hbnQtZGVzaWdu
LnN2Zz9zdHlsZT1mbGF0LXNxdWFyZSldKGh0dHBzOi8vZGF2aWQtZG0ub3Jn
L2FudC1kZXNpZ24vYW50LWRlc2lnbj90eXBlPWRldikgWyFbVG90YWwgYWxl
cnRzXShodHRwczovL2ZsYXQuYmFkZ2VuLm5ldC9sZ3RtL2FsZXJ0cy9nL2Fu
dC1kZXNpZ24vYW50LWRlc2lnbildKGh0dHBzOi8vbGd0bS5jb20vcHJvamVj
dHMvZy9hbnQtZGVzaWduL2FudC1kZXNpZ24vYWxlcnRzLykgWyFbRk9TU0Eg
U3RhdHVzXShodHRwczovL2FwcC5mb3NzYS5pby9hcGkvcHJvamVjdHMvZ2l0
JTJCZ2l0aHViLmNvbSUyRmFudC1kZXNpZ24lMkZhbnQtZGVzaWduLnN2Zz90
eXBlPXNoaWVsZCldKGh0dHBzOi8vYXBwLmZvc3NhLmlvL3Byb2plY3RzL2dp
dCUyQmdpdGh1Yi5jb20lMkZhbnQtZGVzaWduJTJGYW50LWRlc2lnbj9yZWY9
YmFkZ2Vfc2hpZWxkKSBbIVtJc3N1ZXMgbmVlZCBoZWxwXShodHRwczovL2Zs
YXQuYmFkZ2VuLm5ldC9naXRodWIvbGFiZWwtaXNzdWVzL2FudC1kZXNpZ24v
YW50LWRlc2lnbi9oZWxwJTIwd2FudGVkL29wZW4pXShodHRwczovL2dpdGh1
Yi5jb20vYW50LWRlc2lnbi9hbnQtZGVzaWduL2lzc3Vlcz9xPWlzJTNBb3Bl
bitpcyUzQWlzc3VlK2xhYmVsJTNBJTIyaGVscCt3YW50ZWQlMjIpCgpbIVtd
KGh0dHBzOi8vaW1nLnNoaWVsZHMuaW8vdHdpdHRlci9mb2xsb3cvQW50RGVz
aWduVUkuc3ZnP2xhYmVsPUFudCUyMERlc2lnbiZzdHlsZT1zb2NpYWwpXSho
dHRwczovL3R3aXR0ZXIuY29tL0FudERlc2lnblVJKSBbIVtHaXR0ZXJdKGh0
dHBzOi8vaW1nLnNoaWVsZHMuaW8vZ2l0dGVyL3Jvb20vYW50LWRlc2lnbi9h
bnQtZGVzaWduLWVuZ2xpc2guc3ZnP3N0eWxlPWZsYXQtc3F1YXJlJmxvZ29X
aWR0aD0yMCZsb2dvPWRhdGElM0FpbWFnZSUyRnN2ZyUyQnhtbCUzQmJhc2U2
NCUyQ1BEOTRiV3dnZG1WeWMybHZiajBpTVM0d0lpQmxibU52WkdsdVp6MGlW
VlJHTFRnaVB6NE5Danh6ZG1jZ2VHMXNibk05SW1oMGRIQTZMeTkzZDNjdWR6
TXViM0puTHpJd01EQXZjM1puSWlCNGJXeHVjenA0YkdsdWF6MGlhSFIwY0Rv
dkwzZDNkeTUzTXk1dmNtY3ZNVGs1T1M5NGJHbHVheUlnZDJsa2RHZzlJakV5
TXpVaUlHaGxhV2RvZEQwaU5qVXdJaUIyYVdWM1FtOTRQU0l3SURBZ056UXhN
Q0F6T1RBd0lqNE5Danh5WldOMElIZHBaSFJvUFNJM05ERXdJaUJvWldsbmFI
UTlJak01TURBaUlHWnBiR3c5SWlOaU1qSXlNelFpTHo0TkNqeHdZWFJvSUdR
OUlrMHdMRFExTUVnM05ERXdiVEFzTmpBd1NEQnRNQ3cyTURCSU56UXhNRzB3
TERZd01FZ3diVEFzTmpBd1NEYzBNVEJ0TUN3Mk1EQklNQ0lnYzNSeWIydGxQ
U0lqWm1abUlpQnpkSEp2YTJVdGQybGtkR2c5SWpNd01DSXZQZzBLUEhKbFkz
UWdkMmxrZEdnOUlqSTVOalFpSUdobGFXZG9kRDBpTWpFd01DSWdabWxzYkQw
aUl6TmpNMkkyWlNJdlBnMEtQR2NnWm1sc2JEMGlJMlptWmlJJTJCRFFvOFp5
QnBaRDBpY3pFNElqNE5DanhuSUdsa1BTSnpPU0klMkJEUW84WnlCcFpEMGlj
elVpUGcwS1BHY2dhV1E5SW5NMElqNE5Danh3WVhSb0lHbGtQU0p6SWlCa1BT
Sk5NalEzTERrd0lETXhOeTQxTXpReU16QXNNekEzTGpBNE1qQXpPU0F4TXpJ
dU9EY3pNakU0TERFM01pNDVNVGM1TmpGSU16WXhMakV5TmpjNE1rd3hOell1
TkRZMU56Y3dMRE13Tnk0d09ESXdNemw2SWk4JTJCRFFvOGRYTmxJSGhzYVc1
ck9taHlaV1k5SWlOeklpQjVQU0kwTWpBaUx6NE5DangxYzJVZ2VHeHBibXM2
YUhKbFpqMGlJM01pSUhrOUlqZzBNQ0l2UGcwS1BIVnpaU0I0YkdsdWF6cG9j
bVZtUFNJamN5SWdlVDBpTVRJMk1DSXZQZzBLUEM5blBnMEtQSFZ6WlNCNGJH
bHVhenBvY21WbVBTSWpjeUlnZVQwaU1UWTRNQ0l2UGcwS1BDOW5QZzBLUEhW
elpTQjRiR2x1YXpwb2NtVm1QU0lqY3pRaUlIZzlJakkwTnlJZ2VUMGlNakV3
SWk4JTJCRFFvOEwyYyUyQkRRbzhkWE5sSUhoc2FXNXJPbWh5WldZOUlpTnpP
U0lnZUQwaU5EazBJaTglMkJEUW84TDJjJTJCRFFvOGRYTmxJSGhzYVc1ck9t
aHlaV1k5SWlOek1UZ2lJSGc5SWprNE9DSXZQZzBLUEhWelpTQjRiR2x1YXpw
b2NtVm1QU0lqY3praUlIZzlJakU1TnpZaUx6NE5DangxYzJVZ2VHeHBibXM2
YUhKbFpqMGlJM00xSWlCNFBTSXlORGN3SWk4JTJCRFFvOEwyYyUyQkRRbzhM
M04yWno0JTNEKV0oaHR0cHM6Ly9naXR0ZXIuaW0vYW50LWRlc2lnbi9hbnQt
ZGVzaWduLWVuZ2xpc2g/dXRtX3NvdXJjZT1iYWRnZSZ1dG1fbWVkaXVtPWJh
ZGdlJnV0bV9jYW1wYWlnbj1wci1iYWRnZSkgWyFbSm9pbiB0aGUgY2hhdCBh
dCBodHRwczovL2dpdHRlci5pbS9hbnQtZGVzaWduL2FudC1kZXNpZ25dKGh0
dHBzOi8vaW1nLnNoaWVsZHMuaW8vZ2l0dGVyL3Jvb20vYW50LWRlc2lnbi9h
bnQtZGVzaWduLnN2Zz9zdHlsZT1mbGF0LXNxdWFyZSZsb2dvV2lkdGg9MjAm
bG9nbz1kYXRhJTNBaW1hZ2UlMkZzdmclMkJ4bWwlM0JiYXNlNjQlMkNQRDk0
Yld3Z2RtVnljMmx2YmowaU1TNHdJaUJsYm1OdlpHbHVaejBpVlZSR0xUZ2lQ
ejROQ2p4emRtY2dlRzFzYm5NOUltaDBkSEE2THk5M2QzY3Vkek11YjNKbkx6
SXdNREF2YzNabklpQjRiV3h1Y3pwNGJHbHVhejBpYUhSMGNEb3ZMM2QzZHk1
M015NXZjbWN2TVRrNU9TOTRiR2x1YXlJZ2QybGtkR2c5SWprd01DSWdhR1Zw
WjJoMFBTSTJNREFpSUhacFpYZENiM2c5SWpBZ01DQXpNQ0F5TUNJJTJCRFFv
OFpHVm1jejROQ2p4d1lYUm9JR2xrUFNKeklpQmtQU0pOTUN3dE1TQXdMalU0
TnpjNE5Td3dMamd3T1RBeE55QXRNQzQ1TlRFd05UY3NMVEF1TXpBNU1ERTNT
REF1T1RVeE1EVTNUQzB3TGpVNE56YzROU3d3TGpnd09UQXhOM29pSUdacGJH
dzlJaU5tWm1SbE1EQWlMejROQ2p3dlpHVm1jejROQ2p4eVpXTjBJSGRwWkhS
b1BTSXpNQ0lnYUdWcFoyaDBQU0l5TUNJZ1ptbHNiRDBpSTJSbE1qa3hNQ0l2
UGcwS1BIVnpaU0I0YkdsdWF6cG9jbVZtUFNJamN5SWdkSEpoYm5ObWIzSnRQ
U0owY21GdWMyeGhkR1VvTlN3MUtTQnpZMkZzWlNnektTSXZQZzBLUEhWelpT
QjRiR2x1YXpwb2NtVm1QU0lqY3lJZ2RISmhibk5tYjNKdFBTSjBjbUZ1YzJ4
aGRHVW9NVEFzTWlrZ2NtOTBZWFJsS0RJekxqQXpOakkwTXlraUx6NE5Dangx
YzJVZ2VHeHBibXM2YUhKbFpqMGlJM01pSUhSeVlXNXpabTl5YlQwaWRISmhi
bk5zWVhSbEtERXlMRFFwSUhKdmRHRjBaU2cwTlM0NE5qazRPVGdwSWk4JTJC
RFFvOGRYTmxJSGhzYVc1ck9taHlaV1k5SWlOeklpQjBjbUZ1YzJadmNtMDlJ
blJ5WVc1emJHRjBaU2d4TWl3M0tTQnliM1JoZEdVb05qa3VPVFExTXprMktT
SXZQZzBLUEhWelpTQjRiR2x1YXpwb2NtVm1QU0lqY3lJZ2RISmhibk5tYjNK
dFBTSjBjbUZ1YzJ4aGRHVW9NVEFzT1NrZ2NtOTBZWFJsS0RJd0xqWTFPVGd3
T0NraUx6NE5Dand2YzNablBnJTNEJTNEKV0oaHR0cHM6Ly9naXR0ZXIuaW0v
YW50LWRlc2lnbi9hbnQtZGVzaWduP3V0bV9zb3VyY2U9YmFkZ2UmdXRtX21l
ZGl1bT1iYWRnZSZ1dG1fY2FtcGFpZ249cHItYmFkZ2UmdXRtX2NvbnRlbnQ9
YmFkZ2UpCgo8L2Rpdj4KClshW10oaHR0cHM6Ly9jZG4taW1hZ2VzLTEubWVk
aXVtLmNvbS9tYXgvMjAwMC8xKk5JbGowLVRkTE1ib19oelNCUDh0bWcucG5n
KV0oaHR0cDovL2FudC5kZXNpZ24pCgpFbmdsaXNoIHwgW+eugOS9k+S4reaW
h10oLi9SRUFETUUtemhfQ04ubWQpCgojIyDinKggRmVhdHVyZXMKCi0gQW4g
ZW50ZXJwcmlzZS1jbGFzcyBVSSBkZXNpZ24gc3lzdGVtIGZvciB3ZWIgYXBw
bGljYXRpb25zLgotIEEgc2V0IG9mIGhpZ2gtcXVhbGl0eSBSZWFjdCBjb21w
b25lbnRzIG91dCBvZiB0aGUgYm94LgotIFdyaXR0ZW4gaW4gVHlwZVNjcmlw
dCB3aXRoIHByZWRpY3RhYmxlIHN0YXRpYyB0eXBlcy4KLSBUaGUgd2hvbGUg
cGFja2FnZSBvZiBkZXZlbG9wbWVudCBhbmQgZGVzaWduIHJlc291cmNlcyBh
bmQgdG9vbHMuCgojIyDwn5alIEVudmlyb25tZW50IFN1cHBvcnQKCi0gTW9k
ZXJuIGJyb3dzZXJzIGFuZCBJbnRlcm5ldCBFeHBsb3JlciA5KyAod2l0aCBb
cG9seWZpbGxzXShodHRwczovL2FudC5kZXNpZ24vZG9jcy9yZWFjdC9nZXR0
aW5nLXN0YXJ0ZWQjQ29tcGF0aWJpbGl0eSkpCi0gU2VydmVyLXNpZGUgUmVu
ZGVyaW5nCi0gW0VsZWN0cm9uXShodHRwOi8vZWxlY3Ryb24uYXRvbS5pby8p
Cgp8IFs8aW1nIHNyYz0iaHR0cHM6Ly9yYXcuZ2l0aHVidXNlcmNvbnRlbnQu
Y29tL2FscnJhL2Jyb3dzZXItbG9nb3MvbWFzdGVyL3NyYy9lZGdlL2VkZ2Vf
NDh4NDgucG5nIiBhbHQ9IklFIC8gRWRnZSIgd2lkdGg9IjI0cHgiIGhlaWdo
dD0iMjRweCIgLz5dKGh0dHA6Ly9nb2RiYW4uZ2l0aHViLmlvL2Jyb3dzZXJz
LXN1cHBvcnQtYmFkZ2VzLyk8L2JyPklFIC8gRWRnZSB8IFs8aW1nIHNyYz0i
aHR0cHM6Ly9yYXcuZ2l0aHVidXNlcmNvbnRlbnQuY29tL2FscnJhL2Jyb3dz
ZXItbG9nb3MvbWFzdGVyL3NyYy9maXJlZm94L2ZpcmVmb3hfNDh4NDgucG5n
IiBhbHQ9IkZpcmVmb3giIHdpZHRoPSIyNHB4IiBoZWlnaHQ9IjI0cHgiIC8+
XShodHRwOi8vZ29kYmFuLmdpdGh1Yi5pby9icm93c2Vycy1zdXBwb3J0LWJh
ZGdlcy8pPC9icj5GaXJlZm94IHwgWzxpbWcgc3JjPSJodHRwczovL3Jhdy5n
aXRodWJ1c2VyY29udGVudC5jb20vYWxycmEvYnJvd3Nlci1sb2dvcy9tYXN0
ZXIvc3JjL2Nocm9tZS9jaHJvbWVfNDh4NDgucG5nIiBhbHQ9IkNocm9tZSIg
d2lkdGg9IjI0cHgiIGhlaWdodD0iMjRweCIgLz5dKGh0dHA6Ly9nb2RiYW4u
Z2l0aHViLmlvL2Jyb3dzZXJzLXN1cHBvcnQtYmFkZ2VzLyk8L2JyPkNocm9t
ZSB8IFs8aW1nIHNyYz0iaHR0cHM6Ly9yYXcuZ2l0aHVidXNlcmNvbnRlbnQu
Y29tL2FscnJhL2Jyb3dzZXItbG9nb3MvbWFzdGVyL3NyYy9zYWZhcmkvc2Fm
YXJpXzQ4eDQ4LnBuZyIgYWx0PSJTYWZhcmkiIHdpZHRoPSIyNHB4IiBoZWln
aHQ9IjI0cHgiIC8+XShodHRwOi8vZ29kYmFuLmdpdGh1Yi5pby9icm93c2Vy
cy1zdXBwb3J0LWJhZGdlcy8pPC9icj5TYWZhcmkgfCBbPGltZyBzcmM9Imh0
dHBzOi8vcmF3LmdpdGh1YnVzZXJjb250ZW50LmNvbS9hbHJyYS9icm93c2Vy
LWxvZ29zL21hc3Rlci9zcmMvb3BlcmEvb3BlcmFfNDh4NDgucG5nIiBhbHQ9
Ik9wZXJhIiB3aWR0aD0iMjRweCIgaGVpZ2h0PSIyNHB4IiAvPl0oaHR0cDov
L2dvZGJhbi5naXRodWIuaW8vYnJvd3NlcnMtc3VwcG9ydC1iYWRnZXMvKTwv
YnI+T3BlcmEgfCBbPGltZyBzcmM9Imh0dHBzOi8vcmF3LmdpdGh1YnVzZXJj
b250ZW50LmNvbS9hbHJyYS9icm93c2VyLWxvZ29zL21hc3Rlci9zcmMvZWxl
Y3Ryb24vZWxlY3Ryb25fNDh4NDgucG5nIiBhbHQ9IkVsZWN0cm9uIiB3aWR0
aD0iMjRweCIgaGVpZ2h0PSIyNHB4IiAvPl0oaHR0cDovL2dvZGJhbi5naXRo
dWIuaW8vYnJvd3NlcnMtc3VwcG9ydC1iYWRnZXMvKTwvYnI+RWxlY3Ryb24g
fAp8IC0tLSB8IC0tLSB8IC0tLSB8IC0tLSB8IC0tLSB8IC0tLSB8CnwgSUU5
LCBJRTEwLCBJRTExLCBFZGdlIHwgbGFzdCAyIHZlcnNpb25zIHwgbGFzdCAy
IHZlcnNpb25zIHwgbGFzdCAyIHZlcnNpb25zIHwgbGFzdCAyIHZlcnNpb25z
IHwgbGFzdCAyIHZlcnNpb25zIHwKCiMjIPCfk6YgSW5zdGFsbAoKYGBgYmFz
aApucG0gaW5zdGFsbCBhbnRkCmBgYAoKYGBgYmFzaAp5YXJuIGFkZCBhbnRk
CmBgYAoKIyMg8J+UqCBVc2FnZQoKYGBganN4CmltcG9ydCB7IERhdGVQaWNr
ZXIgfSBmcm9tICdhbnRkJzsKUmVhY3RET00ucmVuZGVyKDxEYXRlUGlja2Vy
IC8+LCBtb3VudE5vZGUpOwpgYGAKCkFuZCBpbXBvcnQgc3R5bGUgbWFudWFs
bHk6CgpgYGBqc3gKaW1wb3J0ICdhbnRkL2Rpc3QvYW50ZC5jc3MnOyAvLyBv
ciAnYW50ZC9kaXN0L2FudGQubGVzcycKYGBgCgpPciBbaW1wb3J0IGNvbXBv
bmVudHMgb24gZGVtYW5kXShodHRwczovL2FudC5kZXNpZ24vZG9jcy9yZWFj
dC9nZXR0aW5nLXN0YXJ0ZWQjSW1wb3J0LW9uLURlbWFuZCkuCgojIyMgVHlw
ZVNjcmlwdAoKU2VlIFtVc2UgaW4gVHlwZVNjcmlwdF0oaHR0cHM6Ly9hbnQu
ZGVzaWduL2RvY3MvcmVhY3QvdXNlLWluLXR5cGVzY3JpcHQpLgoKIyMg8J+M
jSBJbnRlcm5hdGlvbmFsaXphdGlvbgoKU2VlIFtpMThuXShodHRwOi8vYW50
LmRlc2lnbi9kb2NzL3JlYWN0L2kxOG4pLgoKIyMg8J+UlyBMaW5rcwoKLSBb
SG9tZSBwYWdlXShodHRwOi8vYW50LmRlc2lnbi8pCi0gW0NvbXBvbmVudHNd
KGh0dHA6Ly9hbnQuZGVzaWduL2RvY3MvcmVhY3QvaW50cm9kdWNlKQotIFtB
bnQgRGVzaWduIFByb10oaHR0cDovL3Byby5hbnQuZGVzaWduLykKLSBbQ2hh
bmdlIExvZ10oQ0hBTkdFTE9HLmVuLVVTLm1kKQotIFtyYy1jb21wb25lbnRz
XShodHRwOi8vcmVhY3QtY29tcG9uZW50LmdpdGh1Yi5pby8pCi0gW01vYmls
ZSBVSV0oaHR0cDovL21vYmlsZS5hbnQuZGVzaWduKQotIFtBbnQgRGVzaWdu
IEljb25zXShodHRwczovL2dpdGh1Yi5jb20vYW50LWRlc2lnbi9hbnQtZGVz
aWduLWljb25zKQotIFtBbnQgRGVzaWduIENvbG9yc10oaHR0cHM6Ly9naXRo
dWIuY29tL2FudC1kZXNpZ24vYW50LWRlc2lnbi1jb2xvcnMpCi0gW0FudCBE
ZXNpZ24gUHJvIExheW91dF0oaHR0cHM6Ly9naXRodWIuY29tL2FudC1kZXNp
Z24vYW50LWRlc2lnbi1wcm8tbGF5b3V0KQotIFtBbnQgRGVzaWduIFBybyBC
bG9ja3NdKGh0dHBzOi8vZ2l0aHViLmNvbS9hbnQtZGVzaWduL3Byby1ibG9j
a3MpCi0gW0RhcmsgVGhlbWVdKGh0dHBzOi8vZ2l0aHViLmNvbS9hbnQtZGVz
aWduL2FudC1kZXNpZ24tZGFyay10aGVtZSkKLSBbTGFuZGluZyBQYWdlc10o
aHR0cHM6Ly9sYW5kaW5nLmFudC5kZXNpZ24pCi0gW01vdGlvbl0oaHR0cHM6
Ly9tb3Rpb24uYW50LmRlc2lnbikKLSBbU2NhZmZvbGQgTWFya2V0XShodHRw
Oi8vc2NhZmZvbGQuYW50LmRlc2lnbikKLSBbRGV2ZWxvcGVyIEluc3RydWN0
aW9uXShodHRwczovL2dpdGh1Yi5jb20vYW50LWRlc2lnbi9hbnQtZGVzaWdu
L3dpa2kvRGV2ZWxvcG1lbnQpCi0gW1ZlcnNpb25pbmcgUmVsZWFzZSBOb3Rl
XShodHRwczovL2dpdGh1Yi5jb20vYW50LWRlc2lnbi9hbnQtZGVzaWduL3dp
a2kvJUU4JUJEJUFFJUU1JTgwJUJDJUU4JUE3JTg0JUU1JTg4JTk5JUU1JTky
JThDJUU3JTg5JTg4JUU2JTlDJUFDJUU1JThGJTkxJUU1JUI4JTgzJUU2JUI1
JTgxJUU3JUE4JThCKQotIFtGQVFdKGh0dHBzOi8vYW50LmRlc2lnbi9kb2Nz
L3JlYWN0L2ZhcSkKLSBbQ29kZVNhbmRib3ggVGVtcGxhdGVdKGh0dHBzOi8v
dS5hbnQuZGVzaWduL2NvZGVzYW5kYm94LXJlcHJvKSBmb3IgYnVnIHJlcG9y
dHMKLSBbQXdlc29tZSBBbnQgRGVzaWduXShodHRwczovL2dpdGh1Yi5jb20v
d2Vic2VtYW50aWNzL2F3ZXNvbWUtYW50LWRlc2lnbikKLSBbQ3VzdG9taXpl
IFRoZW1lXShodHRwOi8vYW50LmRlc2lnbi9kb2NzL3JlYWN0L2N1c3RvbWl6
ZS10aGVtZSkKCiMjIOKMqO+4jyBEZXZlbG9wbWVudAoKVXNlIEdpdHBvZCwg
YSBmcmVlIG9ubGluZSBkZXYgZW52aXJvbm1lbnQgZm9yIEdpdEh1Yi4KClsh
W09wZW4gaW4gR2l0cG9kXShodHRwczovL2dpdHBvZC5pby9idXR0b24vb3Bl
bi1pbi1naXRwb2Quc3ZnKV0oaHR0cHM6Ly9naXRwb2QuaW8vI2h0dHBzOi8v
Z2l0aHViLmNvbS9hbnQtZGVzaWduL2FudC1kZXNpZ24pCgpPciBjbG9uZSBs
b2NhbGx5OgoKYGBgYmFzaAokIGdpdCBjbG9uZSBnaXRAZ2l0aHViLmNvbTph
bnQtZGVzaWduL2FudC1kZXNpZ24uZ2l0CiQgY2QgYW50LWRlc2lnbgokIG5w
bSBpbnN0YWxsCiQgbnBtIHN0YXJ0CmBgYAoKT3BlbiB5b3VyIGJyb3dzZXIg
YW5kIHZpc2l0IGh0dHA6Ly8xMjcuMC4wLjE6ODAwMSAsIHNlZSBtb3JlIGF0
IFtEZXZlbG9wbWVudF0oaHR0cHM6Ly9naXRodWIuY29tL2FudC1kZXNpZ24v
YW50LWRlc2lnbi93aWtpL0RldmVsb3BtZW50KS4KCiMjIPCfpJ0gQ29udHJp
YnV0aW5nIFshW1BScyBXZWxjb21lXShodHRwczovL2ltZy5zaGllbGRzLmlv
L2JhZGdlL1BScy13ZWxjb21lLWJyaWdodGdyZWVuLnN2Zz9zdHlsZT1mbGF0
LXNxdWFyZSldKGh0dHA6Ly9tYWtlYXB1bGxyZXF1ZXN0LmNvbSkKClJlYWQg
b3VyIFtjb250cmlidXRpbmcgZ3VpZGVdKGh0dHBzOi8vYW50LmRlc2lnbi9k
b2NzL3JlYWN0L2NvbnRyaWJ1dGluZykgYW5kIGxldCdzIGJ1aWxkIGEgYmV0
dGVyIGFudGQgdG9nZXRoZXIuCgpXZSB3ZWxjb21lIGFsbCBjb250cmlidXRp
b25zLiBQbGVhc2UgcmVhZCBvdXIgW0NPTlRSSUJVVElORy5tZF0oaHR0cHM6
Ly9naXRodWIuY29tL2FudC1kZXNpZ24vYW50LWRlc2lnbi9ibG9iL21hc3Rl
ci8uZ2l0aHViL0NPTlRSSUJVVElORy5tZCkgZmlyc3QuIFlvdSBjYW4gc3Vi
bWl0IGFueSBpZGVhcyBhcyBbcHVsbCByZXF1ZXN0c10oaHR0cHM6Ly9naXRo
dWIuY29tL2FudC1kZXNpZ24vYW50LWRlc2lnbi9wdWxscykgb3IgYXMgW0dp
dEh1YiBpc3N1ZXNdKGh0dHBzOi8vZ2l0aHViLmNvbS9hbnQtZGVzaWduL2Fu
dC1kZXNpZ24vaXNzdWVzKS4gSWYgeW91J2QgbGlrZSB0byBpbXByb3ZlIGNv
ZGUsIGNoZWNrIG91dCB0aGUgW0RldmVsb3BtZW50IEluc3RydWN0aW9uc10o
aHR0cHM6Ly9naXRodWIuY29tL2FudC1kZXNpZ24vYW50LWRlc2lnbi93aWtp
L0RldmVsb3BtZW50KSBhbmQgaGF2ZSBhIGdvb2QgdGltZSEgOikKCklmIHlv
dSBhcmUgYSBjb2xsYWJvcmF0b3IsIHBsZWFzZSBmb2xsb3cgb3VyIFtQdWxs
IFJlcXVlc3QgcHJpbmNpcGxlXShodHRwczovL2dpdGh1Yi5jb20vYW50LWRl
c2lnbi9hbnQtZGVzaWduL3dpa2kvUFItcHJpbmNpcGxlKSB0byBjcmVhdGUg
YSBQdWxsIFJlcXVlc3QgYnkgW2NvbGxhYm9yYXRvciB0ZW1wbGF0ZV0oaHR0
cHM6Ly9naXRodWIuY29tL2FudC1kZXNpZ24vYW50LWRlc2lnbi9jb21wYXJl
P2V4cGFuZD0xJnRlbXBsYXRlPWNvbGxhYm9yYXRvci5tZCkuCgpbIVtMZXQn
cyBmdW5kIGlzc3VlcyBpbiB0aGlzIHJlcG9zaXRvcnldKGh0dHBzOi8vaXNz
dWVodW50LmlvL3N0YXRpYy9lbWJlZC9pc3N1ZWh1bnQtYnV0dG9uLXYxLnN2
ZyldKGh0dHBzOi8vaXNzdWVodW50LmlvL3JlcG9zLzM0NTI2ODg0KQoKIyMg
4p2k77iPIFNwb25zb3JzIGFuZCBCYWNrZXJzIFshW10oaHR0cHM6Ly9vcGVu
Y29sbGVjdGl2ZS5jb20vYW50LWRlc2lnbi90aWVycy9zcG9uc29ycy9iYWRn
ZS5zdmc/bGFiZWw9U3BvbnNvcnMmY29sb3I9YnJpZ2h0Z3JlZW4pXShodHRw
czovL29wZW5jb2xsZWN0aXZlLmNvbS9hbnQtZGVzaWduI3N1cHBvcnQpIFsh
W10oaHR0cHM6Ly9vcGVuY29sbGVjdGl2ZS5jb20vYW50LWRlc2lnbi90aWVy
cy9iYWNrZXJzL2JhZGdlLnN2Zz9sYWJlbD1CYWNrZXJzJmNvbG9yPWJyaWdo
dGdyZWVuKV0oaHR0cHM6Ly9vcGVuY29sbGVjdGl2ZS5jb20vYW50LWRlc2ln
biNzdXBwb3J0KQoKWyFbXShodHRwczovL29wZW5jb2xsZWN0aXZlLmNvbS9h
bnQtZGVzaWduL3RpZXJzL3Nwb25zb3JzLnN2Zz9hdmF0YXJIZWlnaHQ9MzYp
XShodHRwczovL29wZW5jb2xsZWN0aXZlLmNvbS9hbnQtZGVzaWduI3N1cHBv
cnQpCgpbIVtdKGh0dHBzOi8vb3BlbmNvbGxlY3RpdmUuY29tL2FudC1kZXNp
Z24vdGllcnMvYmFja2Vycy5zdmc/YXZhdGFySGVpZ2h0PTM2KV0oaHR0cHM6
Ly9vcGVuY29sbGVjdGl2ZS5jb20vYW50LWRlc2lnbiNzdXBwb3J0KQo=
",,"c3VkbzogZmFsc2UKCmxhbmd1YWdlOiBub2RlX2pzCgpub2RlX2pzOgogIC0g
MTEKCmNhY2hlOgogIGRpcmVjdG9yaWVzOgogICAgLSAkSE9NRS8ubnBtCgpt
YXRyaXg6CiAgZmFzdF9maW5pc2g6IHRydWUKICBpbmNsdWRlOgogICAgLSBl
bnY6IFRFU1RfVFlQRT1saW50CiAgICAtIGVudjogUkVBQ1Q9MTYgVEVTVF9U
WVBFPXRlc3Q6ZGlzdAogICAgLSBlbnY6IFJFQUNUPTE2IFRFU1RfVFlQRT10
ZXN0OmxpYgogICAgLSBlbnY6IFJFQUNUPTE2IFRFU1RfVFlQRT10ZXN0OmVz
CiAgICAtIGVudjogUkVBQ1Q9MTYgVEVTVF9UWVBFPXRlc3Q6ZG9tCiAgICAt
IGVudjogUkVBQ1Q9MTYgVEVTVF9UWVBFPXRlc3Q6bm9kZQogICAgLSBlbnY6
IFJFQUNUPTE1IFRFU1RfVFlQRT10ZXN0OmRpc3QKICAgIC0gZW52OiBSRUFD
VD0xNSBURVNUX1RZUEU9dGVzdDpsaWIKICAgIC0gZW52OiBSRUFDVD0xNSBU
RVNUX1RZUEU9dGVzdDplcwogICAgLSBlbnY6IFJFQUNUPTE1IFRFU1RfVFlQ
RT10ZXN0OmRvbQogICAgLSBlbnY6IFJFQUNUPTE1IFRFU1RfVFlQRT10ZXN0
Om5vZGUKCmJlZm9yZV9zY3JpcHQ6CiAgLSBzY3JpcHRzL2luc3RhbGwtcmVh
Y3Quc2gKCnNjcmlwdDoKICAtIHNjcmlwdHMvdHJhdmlzLXNjcmlwdC5zaAo=
","bmFtZTogRGVwbG95IHdlYnNpdGUKb246CiAgcmVsZWFzZToKICAgIHR5cGVz
OiBbcHVibGlzaGVkXQogICAgYnJhbmNoZXM6CiAgICAgIC0gbWFzdGVyCgpq
b2JzOgogIGJ1aWxkLWFuZC1kZXBsb3k6CiAgICBydW5zLW9uOiB1YnVudHUt
bGF0ZXN0CiAgICBzdGVwczoKICAgIC0gbmFtZTogQ2hlY2tvdXQKICAgICAg
dXNlczogYWN0aW9ucy9jaGVja291dEBtYXN0ZXIKCiAgICAtIG5hbWU6IERl
cGxveSB3ZWJzaXRlCiAgICAgIHVzZXM6IEphbWVzSXZlcy9naXRodWItcGFn
ZXMtZGVwbG95LWFjdGlvbkBtYXN0ZXIKICAgICAgZW52OgogICAgICAgIEFD
Q0VTU19UT0tFTjogJHt7IHNlY3JldHMuQUNDRVNTX1RPS0VOIH19CiAgICAg
ICAgQlJBTkNIOiBnaC1wYWdlcwogICAgICAgIEZPTERFUjogX3NpdGUKICAg
ICAgICBCVUlMRF9TQ1JJUFQ6IG5wbSBpbnN0YWxsICYmIG5wbSBydW4gcHJl
ZGVwbG95Cg==
","b246CiAgaXNzdWVfY29tbWVudDoKICAgIHR5cGVzOiBbY3JlYXRlZF0KbmFt
ZTogQXV0b21hdGljIFJlYmFzZQpqb2JzOgogIHJlYmFzZToKICAgIG5hbWU6
IFJlYmFzZQogICAgcnVucy1vbjogdWJ1bnR1LWxhdGVzdAogICAgc3RlcHM6
CiAgICAtIHVzZXM6IGFjdGlvbnMvY2hlY2tvdXRAbWFzdGVyCiAgICAtIG5h
bWU6IEF1dG9tYXRpYyBSZWJhc2UKICAgICAgdXNlczogY2lycnVzLWFjdGlv
bnMvcmViYXNlQG1hc3RlcgogICAgICBlbnY6CiAgICAgICAgR0lUSFVCX1RP
S0VOOiAke3sgc2VjcmV0cy5HSVRIVUJfVE9LRU4gfX0K
","bmFtZTogdGVzdAoKb246IFtwdXNoXQoKam9iczoKICBidWlsZDoKCiAgICBy
dW5zLW9uOiB1YnVudHUtbGF0ZXN0CgogICAgc3RlcHM6CiAgICAgIC0gbmFt
ZTogY2hlY2tvdXQKICAgICAgICB1c2VzOiBhY3Rpb25zL2NoZWNrb3V0QG1h
c3RlcgoKICAgICAgLSBuYW1lOiBpbnN0YWxsCiAgICAgICAgcnVuOiBucG0g
aW5zdGFsbAoKICAgICAgLSBuYW1lOiB0ZXN0CiAgICAgICAgcnVuOiBucG0g
cnVuIHRlc3QtYWxsCg==
","IyBOb2RlLmpzCiMgQnVpbGQgYSBnZW5lcmFsIE5vZGUuanMgcHJvamVjdCB3
aXRoIG5wbS4KIyBBZGQgc3RlcHMgdGhhdCBhbmFseXplIGNvZGUsIHNhdmUg
YnVpbGQgYXJ0aWZhY3RzLCBkZXBsb3ksIGFuZCBtb3JlOgojIGh0dHBzOi8v
ZG9jcy5taWNyb3NvZnQuY29tL2F6dXJlL2Rldm9wcy9waXBlbGluZXMvbGFu
Z3VhZ2VzL2phdmFzY3JpcHQKbmFtZTogYW50IGRlc2lnbgoKdHJpZ2dlcjoK
ICBiYXRjaDogdHJ1ZQogIGJyYW5jaGVzOgogICAgZXhjbHVkZToKICAgICAg
LSBnaC1wYWdlcwoKam9iczoKICAtIGpvYjogdGVzdF8KICAgIHBvb2w6CiAg
ICAgIHZtSW1hZ2U6ICdVYnVudHUtMTYuMDQnCiAgICBzdHJhdGVneToKICAg
ICAgbWF0cml4OgogICAgICAgIExpbnQ6CiAgICAgICAgICBURVNUX1RZUEU6
IGxpbnQKICAgICAgICBkaXN0LXJlYWN0QDE2OgogICAgICAgICAgUkVBQ1Q6
IDE2CiAgICAgICAgICBURVNUX1RZUEU6IHRlc3Q6ZGlzdAogICAgICAgIGxp
Yi1yZWFjdEAxNjoKICAgICAgICAgIFJFQUNUOiAxNgogICAgICAgICAgVEVT
VF9UWVBFOiB0ZXN0OmxpYgogICAgICAgIGVzLXJlYWN0QDE2OgogICAgICAg
ICAgUkVBQ1Q6IDE2CiAgICAgICAgICBURVNUX1RZUEU6IHRlc3Q6ZXMKICAg
ICAgICBkb20tcmVhY3RAMTY6CiAgICAgICAgICBSRUFDVDogMTYKICAgICAg
ICAgIFRFU1RfVFlQRTogdGVzdDpkb20KICAgICAgICBub2RlLXJlYWN0QDE2
OgogICAgICAgICAgUkVBQ1Q6IDE2CiAgICAgICAgICBURVNUX1RZUEU6IHRl
c3Q6bm9kZQogICAgICAgIGRpc3QtcmVhY3RAMTU6CiAgICAgICAgICBSRUFD
VDogMTUKICAgICAgICAgIFRFU1RfVFlQRTogdGVzdDpkaXN0CiAgICAgICAg
bGliLXJlYWN0QDE1OgogICAgICAgICAgUkVBQ1Q6IDE1CiAgICAgICAgICBU
RVNUX1RZUEU6IHRlc3Q6bGliCiAgICAgICAgZXMtcmVhY3RAMTU6CiAgICAg
ICAgICBSRUFDVDogMTUKICAgICAgICAgIFRFU1RfVFlQRTogdGVzdDplcwog
ICAgICAgIGRvbS1yZWFjdEAxNToKICAgICAgICAgIFJFQUNUOiAxNQogICAg
ICAgICAgVEVTVF9UWVBFOiB0ZXN0OmRvbQogICAgICAgIG5vZGUtcmVhY3RA
MTU6CiAgICAgICAgICBSRUFDVDogMTUKICAgICAgICAgIFRFU1RfVFlQRTog
dGVzdDpub2RlCiAgICBzdGVwczoKICAgICAgLSBjaGVja291dDogc2VsZgog
ICAgICAgIGZldGNoRGVwdGg6IDEKICAgICAgICBjbGVhbjogZmFsc2UKICAg
ICAgLSB0YXNrOiBOb2RlVG9vbEAwCiAgICAgICAgaW5wdXRzOgogICAgICAg
ICAgdmVyc2lvblNwZWM6ICcxMC54JwogICAgICAtIHNjcmlwdDogbnBtIGlu
c3RhbGwKICAgICAgICBkaXNwbGF5TmFtZTogaW5zdGFsbAogICAgICAtIHNj
cmlwdDogc2NyaXB0cy9pbnN0YWxsLXJlYWN0LnNoCiAgICAgICAgZGlzcGxh
eU5hbWU6IGluc3RhbGwtcmVhY3QKICAgICAgLSBzY3JpcHQ6IHNjcmlwdHMv
dHJhdmlzLXNjcmlwdC5zaAogICAgICAgIGRpc3BsYXlOYW1lOiB0ZXN0CiAg
ICAgIC0gdGFzazogUHVibGlzaEJ1aWxkQXJ0aWZhY3RzQDEKICAgICAgICAj
IOS4u+WIhuaUr++8jOW5tuS4lOi/kOihjOaIkOWKnwogICAgICAgIGNvbmRp
dGlvbjogYW5kKHN1Y2NlZWRlZCgpLCBlcSh2YXJpYWJsZXNbJ0J1aWxkLlNv
dXJjZUJyYW5jaCddLCAncmVmcy9oZWFkcy9tYXN0ZXInKSkKICAgICAgICBp
bnB1dHM6CiAgICAgICAgICBwYXRodG9QdWJsaXNoOiAnLi9wYWNrYWdlLWxv
Y2suanNvbicKICAgICAgICAgIGFydGlmYWN0TmFtZTogbG9jawo=
","dmVyc2lvbjogMgoKcmVmZXJlbmNlczoKICBjb250YWluZXJfY29uZmlnOiAm
Y29udGFpbmVyX2NvbmZpZwogICAgZG9ja2VyOgogICAgICAtIGltYWdlOiBj
aXJjbGVjaS9ub2RlOmx0cwogICAgd29ya2luZ19kaXJlY3Rvcnk6IH4vYW50
LWRlc2lnbgoKICBhdHRhY2hfd29ya3NwYWNlOiAmYXR0YWNoX3dvcmtzcGFj
ZQogICAgYXR0YWNoX3dvcmtzcGFjZToKICAgICAgYXQ6IH4vYW50LWRlc2ln
bgoKICBpbnN0YWxsX3JlYWN0OiAmaW5zdGFsbF9yZWFjdAogICAgcnVuOiBS
RUFDVD0xNSAuL3NjcmlwdHMvaW5zdGFsbC1yZWFjdC5zaAoKICByZWFjdF8x
NTogJnJlYWN0XzE1CiAgICBlbnZpcm9ubWVudDoKICAgICAgUkVBQ1Q6IDE1
CgogIHJlYWN0XzE2OiAmcmVhY3RfMTYKICAgIGVudmlyb25tZW50OgogICAg
ICBSRUFDVDogMTYKCiAgd29ya2Zsb3c6ICZ3b3JrZmxvdwogICAgam9iczoK
ICAgICAgLSBzZXR1cDoKICAgICAgICAgIGZpbHRlcnM6CiAgICAgICAgICAg
IGJyYW5jaGVzOgogICAgICAgICAgICAgIGlnbm9yZTogZ2gtcGFnZXMKICAg
ICAgLSBkaXN0OgogICAgICAgICAgcmVxdWlyZXM6CiAgICAgICAgICAtIHNl
dHVwCiAgICAgIC0gY29tcGlsZToKICAgICAgICAgIHJlcXVpcmVzOgogICAg
ICAgICAgLSBzZXR1cAogICAgICAtIGxpbnQ6CiAgICAgICAgICByZXF1aXJl
czoKICAgICAgICAgICAgLSBzZXR1cAogICAgICAtIHRlc3RfZGlzdDoKICAg
ICAgICAgIHJlcXVpcmVzOgogICAgICAgICAgICAtIGRpc3QKICAgICAgLSB0
ZXN0X2xpYjoKICAgICAgICAgIHJlcXVpcmVzOgogICAgICAgICAgICAtIGNv
bXBpbGUKICAgICAgLSB0ZXN0X2VzOgogICAgICAgICAgcmVxdWlyZXM6CiAg
ICAgICAgICAgIC0gY29tcGlsZQogICAgICAtIHRlc3RfZG9tOgogICAgICAg
ICAgcmVxdWlyZXM6CiAgICAgICAgICAgIC0gc2V0dXAKICAgICAgLSB0ZXN0
X25vZGU6CiAgICAgICAgICByZXF1aXJlczoKICAgICAgICAgICAgLSBzZXR1
cAogICAgICAtIHRlc3RfZGlzdF8xNToKICAgICAgICAgIHJlcXVpcmVzOgog
ICAgICAgICAgICAtIGRpc3QKICAgICAgLSB0ZXN0X2xpYl8xNToKICAgICAg
ICAgIHJlcXVpcmVzOgogICAgICAgICAgICAtIGNvbXBpbGUKICAgICAgLSB0
ZXN0X2VzXzE1OgogICAgICAgICAgcmVxdWlyZXM6CiAgICAgICAgICAgIC0g
Y29tcGlsZQogICAgICAtIHRlc3RfZG9tXzE1OgogICAgICAgICAgcmVxdWly
ZXM6CiAgICAgICAgICAgIC0gc2V0dXAKICAgICAgLSB0ZXN0X25vZGVfMTU6
CiAgICAgICAgICByZXF1aXJlczoKICAgICAgICAgICAgLSBzZXR1cAogICAg
ICAtIGNoZWNrX21ldGFkYXRhOgogICAgICAgICAgcmVxdWlyZXM6CiAgICAg
ICAgICAgIC0gc2V0dXAKCmpvYnM6CiAgc2V0dXA6CiAgICA8PDogKmNvbnRh
aW5lcl9jb25maWcKICAgIHN0ZXBzOgogICAgICAtIGNoZWNrb3V0CiAgICAg
IC0gcnVuOiBub2RlIC12CiAgICAgIC0gcnVuOiBucG0gLXYKICAgICAgLSBy
dW46IG5wbSBpbnN0YWxsCiAgICAgIC0gcnVuOgogICAgICAgICAgY29tbWFu
ZDogfAogICAgICAgICAgICBzZXQgK2VvCiAgICAgICAgICAgIG5wbSBscwog
ICAgICAgICAgICB0cnVlCiAgICAgIC0gcGVyc2lzdF90b193b3Jrc3BhY2U6
CiAgICAgICAgICByb290OiB+L2FudC1kZXNpZ24KICAgICAgICAgIHBhdGhz
OgogICAgICAgICAgICAtIG5vZGVfbW9kdWxlcwogICAgICAtIHN0b3JlX2Fy
dGlmYWN0czoKICAgICAgICAgIHBhdGg6IHBhY2thZ2UtbG9jay5qc29uCgog
IGRpc3Q6CiAgICA8PDogKmNvbnRhaW5lcl9jb25maWcKICAgIHN0ZXBzOgog
ICAgICAtIGNoZWNrb3V0CiAgICAgIC0gKmF0dGFjaF93b3Jrc3BhY2UKICAg
ICAgLSBydW46IG5wbSBydW4gZGlzdAogICAgICAtIHJ1bjogbm9kZSAuL3Rl
c3RzL2Rla2tvL2Rpc3QudGVzdC5qcwogICAgICAtIHJ1bjogbnBtIHJ1biBi
dW5kbGVzaXplCiAgICAgIC0gcGVyc2lzdF90b193b3Jrc3BhY2U6CiAgICAg
ICAgICByb290OiB+L2FudC1kZXNpZ24KICAgICAgICAgIHBhdGhzOgogICAg
ICAgICAgICAtIGRpc3QKCiAgY29tcGlsZToKICAgIDw8OiAqY29udGFpbmVy
X2NvbmZpZwogICAgc3RlcHM6CiAgICAgIC0gY2hlY2tvdXQKICAgICAgLSAq
YXR0YWNoX3dvcmtzcGFjZQogICAgICAtIHJ1bjogbnBtIHJ1biBjb21waWxl
CiAgICAgIC0gcnVuOiBub2RlIC4vdGVzdHMvZGVra28vbGliLnRlc3QuanMK
ICAgICAgLSBwZXJzaXN0X3RvX3dvcmtzcGFjZToKICAgICAgICAgIHJvb3Q6
IH4vYW50LWRlc2lnbgogICAgICAgICAgcGF0aHM6CiAgICAgICAgICAgIC0g
bGliCiAgICAgICAgICAgIC0gZXMKCiAgbGludDoKICAgIDw8OiAqY29udGFp
bmVyX2NvbmZpZwogICAgc3RlcHM6CiAgICAgIC0gY2hlY2tvdXQKICAgICAg
LSAqYXR0YWNoX3dvcmtzcGFjZQogICAgICAtIHJ1bjogbnBtIHJ1biBsaW50
CgogIHRlc3RfZGlzdDoKICAgIDw8OiAqY29udGFpbmVyX2NvbmZpZwogICAg
PDw6ICpyZWFjdF8xNgogICAgc3RlcHM6CiAgICAgIC0gY2hlY2tvdXQKICAg
ICAgLSAqYXR0YWNoX3dvcmtzcGFjZQogICAgICAtIHJ1bjoKICAgICAgICAg
IGNvbW1hbmQ6IG5wbSB0ZXN0IC0tIC13IDEKICAgICAgICAgIGVudmlyb25t
ZW50OgogICAgICAgICAgICBMSUJfRElSOiBkaXN0CgogIHRlc3RfbGliOgog
ICAgPDw6ICpjb250YWluZXJfY29uZmlnCiAgICA8PDogKnJlYWN0XzE2CiAg
ICBzdGVwczoKICAgICAgLSBjaGVja291dAogICAgICAtICphdHRhY2hfd29y
a3NwYWNlCiAgICAgIC0gcnVuOgogICAgICAgICAgY29tbWFuZDogbnBtIHRl
c3QgLS0gLXcgMQogICAgICAgICAgZW52aXJvbm1lbnQ6CiAgICAgICAgICAg
IExJQl9ESVI6IGxpYgoKICB0ZXN0X2VzOgogICAgPDw6ICpjb250YWluZXJf
Y29uZmlnCiAgICA8PDogKnJlYWN0XzE2CiAgICBzdGVwczoKICAgICAgLSBj
aGVja291dAogICAgICAtICphdHRhY2hfd29ya3NwYWNlCiAgICAgIC0gcnVu
OgogICAgICAgICAgY29tbWFuZDogbnBtIHRlc3QgLS0gLXcgMQogICAgICAg
ICAgZW52aXJvbm1lbnQ6CiAgICAgICAgICAgIExJQl9ESVI6IGVzCgogIHRl
c3RfZG9tOgogICAgPDw6ICpjb250YWluZXJfY29uZmlnCiAgICA8PDogKnJl
YWN0XzE2CiAgICBzdGVwczoKICAgICAgLSBjaGVja291dAogICAgICAtICph
dHRhY2hfd29ya3NwYWNlCiAgICAgIC0gcnVuOiBucG0gdGVzdCAtLSAtdyAx
IC0tY292ZXJhZ2UKICAgICAgLSBydW46IGJhc2ggPChjdXJsIC1zIGh0dHBz
Oi8vY29kZWNvdi5pby9iYXNoKQoKICB0ZXN0X25vZGU6CiAgICA8PDogKmNv
bnRhaW5lcl9jb25maWcKICAgIDw8OiAqcmVhY3RfMTYKICAgIHN0ZXBzOgog
ICAgICAtIGNoZWNrb3V0CiAgICAgIC0gKmF0dGFjaF93b3Jrc3BhY2UKICAg
ICAgLSBydW46IG5wbSBydW4gdGVzdC1ub2RlIC0tIC13IDEKCiAgdGVzdF9k
aXN0XzE1OgogICAgPDw6ICpjb250YWluZXJfY29uZmlnCiAgICA8PDogKnJl
YWN0XzE1CiAgICBzdGVwczoKICAgICAgLSBjaGVja291dAogICAgICAtICph
dHRhY2hfd29ya3NwYWNlCiAgICAgIC0gKmluc3RhbGxfcmVhY3QKICAgICAg
LSBydW46CiAgICAgICAgICBjb21tYW5kOiBucG0gdGVzdCAtLSAtdyAxIC11
CiAgICAgICAgICBlbnZpcm9ubWVudDoKICAgICAgICAgICAgTElCX0RJUjog
ZGlzdAogICAgICAgICAgICBSRUFDVDogMTUKCiAgdGVzdF9saWJfMTU6CiAg
ICA8PDogKmNvbnRhaW5lcl9jb25maWcKICAgIDw8OiAqcmVhY3RfMTUKICAg
IHN0ZXBzOgogICAgICAtIGNoZWNrb3V0CiAgICAgIC0gKmF0dGFjaF93b3Jr
c3BhY2UKICAgICAgLSAqaW5zdGFsbF9yZWFjdAogICAgICAtIHJ1bjoKICAg
ICAgICAgIGNvbW1hbmQ6IG5wbSB0ZXN0IC0tIC13IDEgLXUKICAgICAgICAg
IGVudmlyb25tZW50OgogICAgICAgICAgICBMSUJfRElSOiBsaWIKICAgICAg
ICAgICAgUkVBQ1Q6IDE1CgogIHRlc3RfZXNfMTU6CiAgICA8PDogKmNvbnRh
aW5lcl9jb25maWcKICAgIDw8OiAqcmVhY3RfMTUKICAgIHN0ZXBzOgogICAg
ICAtIGNoZWNrb3V0CiAgICAgIC0gKmF0dGFjaF93b3Jrc3BhY2UKICAgICAg
LSAqaW5zdGFsbF9yZWFjdAogICAgICAtIHJ1bjoKICAgICAgICAgIGNvbW1h
bmQ6IG5wbSB0ZXN0IC0tIC13IDEgLXUKICAgICAgICAgIGVudmlyb25tZW50
OgogICAgICAgICAgICBMSUJfRElSOiBlcwogICAgICAgICAgICBSRUFDVDog
MTUKCiAgdGVzdF9kb21fMTU6CiAgICA8PDogKmNvbnRhaW5lcl9jb25maWcK
ICAgIDw8OiAqcmVhY3RfMTUKICAgIHN0ZXBzOgogICAgICAtIGNoZWNrb3V0
CiAgICAgIC0gKmF0dGFjaF93b3Jrc3BhY2UKICAgICAgLSAqaW5zdGFsbF9y
ZWFjdAogICAgICAtIHJ1bjoKICAgICAgICAgIGNvbW1hbmQ6IG5wbSB0ZXN0
IC0tIC13IDEgLXUKICAgICAgICAgIGVudmlyb25tZW50OgogICAgICAgICAg
ICBSRUFDVDogMTUKCiAgdGVzdF9ub2RlXzE1OgogICAgPDw6ICpjb250YWlu
ZXJfY29uZmlnCiAgICA8PDogKnJlYWN0XzE1CiAgICBzdGVwczoKICAgICAg
LSBjaGVja291dAogICAgICAtICphdHRhY2hfd29ya3NwYWNlCiAgICAgIC0g
Kmluc3RhbGxfcmVhY3QKICAgICAgLSBydW46CiAgICAgICAgICBjb21tYW5k
OiBucG0gcnVuIHRlc3Qtbm9kZSAtLSAtdyAxIC11CiAgICAgICAgICBlbnZp
cm9ubWVudDoKICAgICAgICAgICAgUkVBQ1Q6IDE1CgogIGNoZWNrX21ldGFk
YXRhOgogICAgPDw6ICpjb250YWluZXJfY29uZmlnCiAgICBzdGVwczoKICAg
ICAgLSBjaGVja291dAogICAgICAtICphdHRhY2hfd29ya3NwYWNlCiAgICAg
IC0gcnVuOiBub2RlIC4vc2NyaXB0cy9jaGVjay1kZW1vLmpzCgp3b3JrZmxv
d3M6CiAgdmVyc2lvbjogMgogIGJ1aWxkX3Rlc3Q6CiAgICA8PDogKndvcmtm
bG93CiAgbmlnaHRseToKICAgIDw8OiAqd29ya2Zsb3cKICAgIHRyaWdnZXJz
OgogICAgICAtIHNjaGVkdWxlOgogICAgICAgICAgY3JvbjogIjAgMCAqICog
KiIKICAgICAgICAgIGZpbHRlcnM6CiAgICAgICAgICAgIGJyYW5jaGVzOgog
ICAgICAgICAgICAgIG9ubHk6CiAgICAgICAgICAgICAgICAtIG1hc3Rlcgo=
",,,,,,,,,,,,,,,,,,,,,,,,,,,,,,,,,,,,,,,,,,,,,,,,,,,,,,,,,,,,,,,,,,,,,,,,,,,,,,,,,,,,,,,,,,
